UID,Date,UID for App Session - Distinct Count
63ecbb4281407145daabec2a,Apr 2023,1
63ecbb4281407145daabec2a,Feb 2023,1
63ecbb4281407145daabec2a,Mar 2023,1
63ecbb4281407145daabec2a,May 2023,1
63ece59d4bb1fe648aac13d3,May 2023,1
63f0c7454bb1fe648be04128,Apr 2023,1
63f0c7454bb1fe648be04128,Mar 2023,1
63f0c7454bb1fe648be04128,May 2023,1
63f33e134bb1fe648be041ab,Apr 2023,1
63f33e134bb1fe648be041ab,Feb 2023,1
63f33e134bb1fe648be041ab,May 2023,1
63f4a4bc81407164cae70ea5,Apr 2023,1
63f4a4bc81407164cae70ea5,Feb 2023,1
63f4a4bc81407164cae70ea5,Mar 2023,1
63f5fbea4bb1fe648be04254,Apr 2023,1
63f5fbea4bb1fe648be04254,Feb 2023,1
63f5fbea4bb1fe648be04254,Mar 2023,1
63f5fbea4bb1fe648be04254,May 2023,1
63f75c1b0cef5dc71dec5f5a,Apr 2023,1
63f75c1b0cef5dc71dec5f5a,Feb 2023,1
63f75c1b0cef5dc71dec5f5a,Mar 2023,1
63f75c1b0cef5dc71dec5f5a,May 2023,1
63fb6bc40cef5dc71d6f7ea2,Apr 2023,1
63fb6bc40cef5dc71d6f7ea2,Feb 2023,1
63fb6bc40cef5dc71d6f7ea2,Mar 2023,1
63fb6bc40cef5dc71d6f7ea2,May 2023,1
63fc6ad40cef5dc71d8f0c92,Apr 2023,1
63fc6ad40cef5dc71d8f0c92,Feb 2023,1
63fc6ad40cef5dc71d8f0c92,Mar 2023,1
6401a1cf9f741c4433bb2f1f,Apr 2023,1
6401a1cf9f741c4433bb2f1f,Mar 2023,1
6401a1cf9f741c4433bb2f1f,May 2023,1
6401d1629f741c4433c16db2,Mar 2023,1
6401eed49f741c4433c564ef,Apr 2023,1
6401eed49f741c4433c564ef,Mar 2023,1
6401eed49f741c4433c564ef,May 2023,1
6401f60d9f741c4433c669ce,Apr 2023,1
6401f60d9f741c4433c669ce,Mar 2023,1
6405e663674dacfa268c2245,Apr 2023,1
6405e663674dacfa268c2245,Mar 2023,1
6405e663674dacfa268c2245,May 2023,1
6406f764674dacfa26adf729,Apr 2023,1
6406f764674dacfa26adf729,Mar 2023,1
6406f764674dacfa26adf729,May 2023,1
64072976674dacfa26b4abba,Apr 2023,1
64072976674dacfa26b4abba,Mar 2023,1
64072976674dacfa26b4abba,May 2023,1
6407305f674dacfa26b59c77,Apr 2023,1
6407305f674dacfa26b59c77,Mar 2023,1
6407305f674dacfa26b59c77,May 2023,1
640a9d62674dacfa262240b7,Mar 2023,1
640b1448674dacfa2631eb8c,Apr 2023,1
640b1448674dacfa2631eb8c,Mar 2023,1
640b1448674dacfa2631eb8c,May 2023,1
640db9d1674dacfa2687018b,Apr 2023,1
640db9d1674dacfa2687018b,Mar 2023,1
640db9d1674dacfa2687018b,May 2023,1
640dca72674dacfa268944d2,Apr 2023,1
640dca72674dacfa268944d2,Mar 2023,1
640dca72674dacfa268944d2,May 2023,1
640eeca3674dacfa26ad8a75,Apr 2023,1
640eeca3674dacfa26ad8a75,Mar 2023,1
640eeca3674dacfa26ad8a75,May 2023,1
640f1afd674dacfa26b3b81c,Mar 2023,1
64107d14674dacfa26e08830,Apr 2023,1
64107d14674dacfa26e08830,Mar 2023,1
6410806e674dacfa26e0fb8c,Apr 2023,1
6410806e674dacfa26e0fb8c,Mar 2023,1
6410806e674dacfa26e0fb8c,May 2023,1
641088e6674dacfa26e22036,Apr 2023,1
641088e6674dacfa26e22036,Mar 2023,1
641088e6674dacfa26e22036,May 2023,1
641167de674dacfa26fd1a82,Apr 2023,1
641167de674dacfa26fd1a82,Mar 2023,1
641167de674dacfa26fd1a82,May 2023,1
6412bdee674dacfa26281be7,Apr 2023,1
6412bdee674dacfa26281be7,Mar 2023,1
6412bdee674dacfa26281be7,May 2023,1
6412ce61674dacfa262a4703,Mar 2023,1
641312d3bbbcd43aa744d6fb,Mar 2023,1
64132747674dacfa26363f03,Apr 2023,1
64132747674dacfa26363f03,Mar 2023,1
64132747674dacfa26363f03,May 2023,1
64132bc8f5d4fa3afa381391,Mar 2023,1
64132bc8f5d4fa3afa381391,May 2023,1
64132fec674dacfa26376a03,Mar 2023,1
6413345cbbbcd43aab0c5a51,Apr 2023,1
6413345cbbbcd43aab0c5a51,Mar 2023,1
6414181b674dacfa2653bf9e,Apr 2023,1
6414181b674dacfa2653bf9e,Mar 2023,1
6414181b674dacfa2653bf9e,May 2023,1
641455fb674dacfa265c1469,Apr 2023,1
641455fb674dacfa265c1469,Mar 2023,1
641455fb674dacfa265c1469,May 2023,1
64169b8d674dacfa26a51923,Apr 2023,1
64169b8d674dacfa26a51923,Mar 2023,1
64169b8d674dacfa26a51923,May 2023,1
6416b249674dacfa26a806c8,Apr 2023,1
6416b249674dacfa26a806c8,Mar 2023,1
6416b249674dacfa26a806c8,May 2023,1
64182b2f674dacfa26d7c991,Apr 2023,1
64182b2f674dacfa26d7c991,Mar 2023,1
64182b2f674dacfa26d7c991,May 2023,1
6418628d674dacfa26df639c,Apr 2023,1
6418628d674dacfa26df639c,Mar 2023,1
6418628d674dacfa26df639c,May 2023,1
641ab9eb674dacfa262b1133,Mar 2023,1
641af8c2674dacfa2633a45b,Apr 2023,1
641af8c2674dacfa2633a45b,Mar 2023,1
641af8c2674dacfa2633a45b,May 2023,1
641d6614674dacfa2682aef9,Apr 2023,1
641d6614674dacfa2682aef9,Mar 2023,1
641f1bd0674dacfa26bc2c11,Apr 2023,1
641f1bd0674dacfa26bc2c11,Mar 2023,1
641f1bd0674dacfa26bc2c11,May 2023,1
641ffb1a674dacfa26d7bc49,Apr 2023,1
641ffb1a674dacfa26d7bc49,Mar 2023,1
641ffb1a674dacfa26d7bc49,May 2023,1
6420080e674dacfa26d97423,Apr 2023,1
6420080e674dacfa26d97423,Mar 2023,1
6421d820674dacfa2615863d,Apr 2023,1
6421d820674dacfa2615863d,Mar 2023,1
6421d820674dacfa2615863d,May 2023,1
6422e9d5674dacfa2637d15c,Apr 2023,1
6422e9d5674dacfa2637d15c,Mar 2023,1
6422e9d5674dacfa2637d15c,May 2023,1
64240817041f1d8f6e58657c,Apr 2023,1
64240817041f1d8f6e58657c,Mar 2023,1
64240817041f1d8f6e58657c,May 2023,1
642432f1bbbcd43aa744d7bd,Apr 2023,1
642432f1bbbcd43aa744d7bd,Mar 2023,1
642432f1bbbcd43aa744d7bd,May 2023,1
64253945041f1d8f6e7eef20,Apr 2023,1
64253945041f1d8f6e7eef20,Mar 2023,1
64253945041f1d8f6e7eef20,May 2023,1
642549aa041f1d8f6e8126a7,Apr 2023,1
642549aa041f1d8f6e8126a7,Mar 2023,1
6426bc59041f1d8f6eb0a87f,Apr 2023,1
6426bc59041f1d8f6eb0a87f,Mar 2023,1
6426bc59041f1d8f6eb0a87f,May 2023,1
6426bce2041f1d8f6eb0bb9e,Apr 2023,1
6426bce2041f1d8f6eb0bb9e,Mar 2023,1
6426cbc5041f1d8f6eb2d270,Apr 2023,1
6426cbc5041f1d8f6eb2d270,Mar 2023,1
6426cbc5041f1d8f6eb2d270,May 2023,1
6427ddd0041f1d8f6ed54758,Apr 2023,1
6427ddd0041f1d8f6ed54758,May 2023,1
64281678041f1d8f6edcfaa0,Apr 2023,1
642956ca041f1d8f6e057334,Apr 2023,1
642956ca041f1d8f6e057334,May 2023,1
642bef377757a413d19a8632,Apr 2023,1
642bef377757a413d19a8632,May 2023,1
642d5ac27757a413d1c8d407,Apr 2023,1
642d5ac27757a413d1c8d407,May 2023,1
642e83cd7757a413d1ee3ae2,Apr 2023,1
642e83cd7757a413d1ee3ae2,May 2023,1
642ff52a4c416cbe9fbac7d3,Apr 2023,1
642ff52a4c416cbe9fbac7d3,May 2023,1
642ffa474c416cbe9fbb7a51,Apr 2023,1
642ffa474c416cbe9fbb7a51,May 2023,1
643024584c416cbe9fc156e0,Apr 2023,1
643024584c416cbe9fc156e0,May 2023,1
64302fff4c416cbe9fc2ef86,Apr 2023,1
64302fff4c416cbe9fc2ef86,May 2023,1
643285854c416cbe9f0df6d2,Apr 2023,1
643285854c416cbe9f0df6d2,May 2023,1
6433a9394c416cbe9f3284a1,Apr 2023,1
6433abd0bb62e3108690e4d5,Apr 2023,1
6433abd0bb62e3108690e4d5,May 2023,1
643503d24c416cbe9f5e05db,Apr 2023,1
643503d24c416cbe9f5e05db,May 2023,1
643534ef4c416cbe9f647edc,Apr 2023,1
643534ef4c416cbe9f647edc,May 2023,1
64365c714c416cbe9f89b1ec,Apr 2023,1
64365c714c416cbe9f89b1ec,May 2023,1
64368a2f4c416cbe9f8fd48f,Apr 2023,1
64368a2f4c416cbe9f8fd48f,May 2023,1
6436b5e04c416cbe9f95d554,Apr 2023,1
6436b5e04c416cbe9f95d554,May 2023,1
6436ba504c416cbe9f966ed6,Apr 2023,1
6436ba504c416cbe9f966ed6,May 2023,1
6436f0f44c416cbe9f9d8c9b,Apr 2023,1
6436f0f44c416cbe9f9d8c9b,May 2023,1
6439059aa41d837534819fef,Apr 2023,1
6439059aa41d837534819fef,May 2023,1
64393c61a41d837534891c8d,Apr 2023,1
64393c61a41d837534891c8d,May 2023,1
643bf1c110a89e1ddb9ed0e3,Apr 2023,1
643bf1c110a89e1ddb9ed0e3,May 2023,1
643ce5dabb62e3106af74fe8,Apr 2023,1
643ce5dabb62e3106af74fe8,May 2023,1
643d0538bb62e310a96c7596,Apr 2023,1
643d0538bb62e310a96c7596,May 2023,1
643d1596bb62e3108690e592,Apr 2023,1
643d1596bb62e3108690e592,May 2023,1
643d3ae3e2f125390d6bca04,Apr 2023,1
643d3ae3e2f125390d6bca04,May 2023,1
643e63b8bdac9e109d21bf5f,Apr 2023,1
643e63b8bdac9e109d21bf5f,May 2023,1
643e937ebdac9e109d21bf7f,Apr 2023,1
643e937ebdac9e109d21bf7f,May 2023,1
643eae12bb62e310a96c761f,Apr 2023,1
643fe505bb62e3108786178f,Apr 2023,1
64425593bb62e310a96c76b6,Apr 2023,1
64425593bb62e310a96c76b6,May 2023,1
6442a380bb62e310a96c76c6,Apr 2023,1
6443adc7bdac9e109d21c08b,Apr 2023,1
6443adc7bdac9e109d21c08b,May 2023,1
64450e03bb62e310a96c771e,May 2023,1
644671a510a89e1ddbf673d1,Apr 2023,1
644671a510a89e1ddbf673d1,May 2023,1
64467933bb62e310a96c7765,Apr 2023,1
64467933bb62e310a96c7765,May 2023,1
644a7b31bdac9e109d21c1ee,Apr 2023,1
644a7b31bdac9e109d21c1ee,May 2023,1
644aa172bdac9e10a66fa0c5,Apr 2023,1
644aa172bdac9e10a66fa0c5,May 2023,1
644bc89cbdac9e109d21c22c,Apr 2023,1
644bc89cbdac9e109d21c22c,May 2023,1
644bd302bb62e3108690e685,Apr 2023,1
644bd302bb62e3108690e685,May 2023,1
644cd72bbb62e310a96c7876,Apr 2023,1
644cd72bbb62e310a96c7876,May 2023,1
644d63287e630310a6d3fab7,Apr 2023,1
644d63287e630310a6d3fab7,May 2023,1
644e2a167e630310bbfb1d97,May 2023,1
644f82147e630310bbfb1dd3,May 2023,1
644f935311c6e3f4fc5a66e6,May 2023,1
64520b98dfe74e10bff34e6a,May 2023,1
6455015d11c6e3f4fc0bc764,May 2023,1
645525ec11c6e3f4fc10b4e3,May 2023,1
6455cd3b7e630345167cc35e,May 2023,1
64564cbd7e630345167cc368,May 2023,1
645751d511c6e3f4fc560426,May 2023,1
6457681a11c6e3f4fc58e952,May 2023,1
6457909911c6e3f4fc5e3cfc,May 2023,1
645ba07248f3a5500d0c61e2,May 2023,1
645de86848f3a5500d558b36,May 2023,1
645df09048f3a5500d56a40f,May 2023,1
6460da9848f3a5500db65f8c,May 2023,1
646210557e63034511e48664,May 2023,1
646375177e63034513a845ca,May 2023,1
64646dfb48f3a5500d2922d0,May 2023,1
6464e9ca48f3a5500d39cd71,May 2023,1
6468c85f48f3a5500db402de,May 2023,1
646a0ac97e63034517d4524a,May 2023,1
646a0f4548f3a5500ddb9c19,May 2023,1
646a48af48f3a5500de2e25e,May 2023,1
646b443348f3a5500d010cf8,May 2023,1
undefined,Apr 2023,1
undefined,Feb 2023,1
undefined,Mar 2023,1
undefined,May 2023,1
