Event Name,Time,Distinct ID,City,Country,Operating System,Session Length
App Session,1681471170.286,64240817041f1d8f6e58657c::03441a31-2f39-4f87-912e-2d34c6dcb21a,Delhi,IN,Android,22
App Session,1681471146.569,64240817041f1d8f6e58657c::03441a31-2f39-4f87-912e-2d34c6dcb21a,Delhi,IN,Android,67.4
App Session,1681469588.156,64240817041f1d8f6e58657c::03441a31-2f39-4f87-912e-2d34c6dcb21a,Delhi,IN,Android,47.5
App Session,1681469537.661,6436ba504c416cbe9f966ed6::4946c9a1-2b1c-4938-b598-1c64d751a3a8,Noida,IN,Android,73.1
App Session,1681468366.33,6436ba504c416cbe9f966ed6::4946c9a1-2b1c-4938-b598-1c64d751a3a8,Delhi,IN,Android,35.2
App Session,1681467875.282,63f0c7454bb1fe648be04128::66c55bd2-28ef-4e89-8741-a7f2c31b6d6d,Gurgaon,IN,Android,22.5
App Session,1681467849.807,63f0c7454bb1fe648be04128::66c55bd2-28ef-4e89-8741-a7f2c31b6d6d,Gurgaon,IN,Android,37.4
App Session,1681467730.42,6410806e674dacfa26e0fb8c::7aff8c7c-069f-492d-835c-79873b9bfabc,Delhi,IN,Android,14
App Session,1681467501.297,64240817041f1d8f6e58657c::03441a31-2f39-4f87-912e-2d34c6dcb21a,Delhi,IN,Android,13.1
App Session,1681466901.239,6410806e674dacfa26e0fb8c::7aff8c7c-069f-492d-835c-79873b9bfabc,Delhi,IN,Android,45.2
App Session,1681466848.052,6410806e674dacfa26e0fb8c::7aff8c7c-069f-492d-835c-79873b9bfabc,Delhi,IN,Android,43
App Session,1681466240.006,6410806e674dacfa26e0fb8c::7aff8c7c-069f-492d-835c-79873b9bfabc,Delhi,IN,Android,119
App Session,1681465612.308,6436ba504c416cbe9f966ed6::4946c9a1-2b1c-4938-b598-1c64d751a3a8,Delhi,IN,Android,11.5
App Session,1681465405.652,6401a1cf9f741c4433bb2f1f::f2bed998-c329-46a2-aa2f-573d29ce1b5c,Gurgaon,IN,Android,22.1
App Session,1681465237.664,6401a1cf9f741c4433bb2f1f::f2bed998-c329-46a2-aa2f-573d29ce1b5c,Gurgaon,IN,Android,12.4
App Session,1681465096.517,6410806e674dacfa26e0fb8c::7aff8c7c-069f-492d-835c-79873b9bfabc,Delhi,IN,Android,16.6
App Session,1681464975.321,64240817041f1d8f6e58657c::03441a31-2f39-4f87-912e-2d34c6dcb21a,Delhi,IN,Android,18.7
App Session,1681464794.709,6410806e674dacfa26e0fb8c::7aff8c7c-069f-492d-835c-79873b9bfabc,Delhi,IN,Android,10.1
App Session,1681464357.667,6436ba504c416cbe9f966ed6::4946c9a1-2b1c-4938-b598-1c64d751a3a8,Delhi,IN,Android,45.5
App Session,1681464297.395,6436ba504c416cbe9f966ed6::4946c9a1-2b1c-4938-b598-1c64d751a3a8,Delhi,IN,Android,189.5
App Session,1681464101.895,6436ba504c416cbe9f966ed6::4946c9a1-2b1c-4938-b598-1c64d751a3a8,Delhi,IN,Android,91.1
App Session,1681463847.3,6436ba504c416cbe9f966ed6::4946c9a1-2b1c-4938-b598-1c64d751a3a8,Delhi,IN,Android,141.3
App Session,1681463743.639,64240817041f1d8f6e58657c::03441a31-2f39-4f87-912e-2d34c6dcb21a,Delhi,IN,Android,292.6
App Session,1681463740.384,6410806e674dacfa26e0fb8c::7aff8c7c-069f-492d-835c-79873b9bfabc,Delhi,IN,Android,19.9
App Session,1681463719.043,6439059aa41d837534819fef::3a7b8c53-f5da-423f-a002-b1dbbc5ddabf,Delhi,IN,Android,37.2
App Session,1681463673.739,6439059aa41d837534819fef::3a7b8c53-f5da-423f-a002-b1dbbc5ddabf,Delhi,IN,Android,30.6
App Session,1681463649.099,6436ba504c416cbe9f966ed6::4946c9a1-2b1c-4938-b598-1c64d751a3a8,Delhi,IN,Android,30.8
App Session,1681463585.469,6436ba504c416cbe9f966ed6::4946c9a1-2b1c-4938-b598-1c64d751a3a8,Delhi,IN,Android,46.4
App Session,1681463508.031,6410806e674dacfa26e0fb8c::7aff8c7c-069f-492d-835c-79873b9bfabc,Delhi,IN,Android,28.7
App Session,1681463471.35,6410806e674dacfa26e0fb8c::7aff8c7c-069f-492d-835c-79873b9bfabc,Delhi,IN,Android,30.5
App Session,1681462884.094,6427ddd0041f1d8f6ed54758::54184c33-013e-433d-a8e6-6d451562344b,Delhi,IN,Android,22
App Session,1681462812.888,6427ddd0041f1d8f6ed54758::54184c33-013e-433d-a8e6-6d451562344b,Delhi,IN,Android,66.8
App Session,1681462797.584,64240817041f1d8f6e58657c::03441a31-2f39-4f87-912e-2d34c6dcb21a,Delhi,IN,Android,73.5
App Session,1681462320.815,64240817041f1d8f6e58657c::03441a31-2f39-4f87-912e-2d34c6dcb21a,Delhi,IN,Android,37.8
App Session,1681462004.705,6436f0f44c416cbe9f9d8c9b::7b2393c7-3cc9-4378-ad9e-e5b5d3f15bf7,Gurgaon,IN,Android,11.4
App Session,1681461955.52,6436ba504c416cbe9f966ed6::4946c9a1-2b1c-4938-b598-1c64d751a3a8,Delhi,IN,Android,38.5
App Session,1681461129.046,6427ddd0041f1d8f6ed54758::54184c33-013e-433d-a8e6-6d451562344b,Delhi,IN,Android,11.6
App Session,1681460710.162,6412bdee674dacfa26281be7::3260f6ed-cd23-4d0c-8df8-edf5df2c6d24,Abu Dhabi,AE,Android,62.5
App Session,1681460422.525,6436ba504c416cbe9f966ed6::4946c9a1-2b1c-4938-b598-1c64d751a3a8,Delhi,IN,Android,58.8
App Session,1681460389.047,6439059aa41d837534819fef::3a7b8c53-f5da-423f-a002-b1dbbc5ddabf,Delhi,IN,Android,66.8
App Session,1681459948.67,64240817041f1d8f6e58657c::03441a31-2f39-4f87-912e-2d34c6dcb21a,Delhi,IN,Android,10
App Session,1681459687.162,64240817041f1d8f6e58657c::03441a31-2f39-4f87-912e-2d34c6dcb21a,Delhi,IN,Android,78.9
App Session,1681459348.64,6410806e674dacfa26e0fb8c::7aff8c7c-069f-492d-835c-79873b9bfabc,Delhi,IN,Android,47.9
App Session,1681459296.443,6410806e674dacfa26e0fb8c::7aff8c7c-069f-492d-835c-79873b9bfabc,Delhi,IN,Android,40.9
App Session,1681459221.82,6422e9d5674dacfa2637d15c::86d8970f-12e2-4d1f-ba73-fe12ecf3423c,Gurgaon,IN,Android,18.4
App Session,1681459113.277,6427ddd0041f1d8f6ed54758::54184c33-013e-433d-a8e6-6d451562344b,Delhi,IN,Android,29.9
App Session,1681458619.202,6439059aa41d837534819fef::3a7b8c53-f5da-423f-a002-b1dbbc5ddabf,Delhi,IN,Android,165.8
App Session,1681458204.712,641455fb674dacfa265c1469::d85a0e08-0f6a-4e0f-a0f2-f17b9983a20a,Ghaziabad,IN,Android,13.4
App Session,1681458137.272,641455fb674dacfa265c1469::d85a0e08-0f6a-4e0f-a0f2-f17b9983a20a,Ghaziabad,IN,Android,14.6
App Session,1681453777.848,6410806e674dacfa26e0fb8c::7aff8c7c-069f-492d-835c-79873b9bfabc,Delhi,IN,Android,28.9
App Session,1681452843.12,642d5ac27757a413d1c8d407::6fecf028-d18f-4587-b3af-c3958e6284f8,Delhi,IN,Android,143.7
App Session,1681452290.25,6436f0f44c416cbe9f9d8c9b::7b2393c7-3cc9-4378-ad9e-e5b5d3f15bf7,Gurgaon,IN,Android,19.3
App Session,1681451027.746,64240817041f1d8f6e58657c::03441a31-2f39-4f87-912e-2d34c6dcb21a,Delhi,IN,Android,49
App Session,1681449646.972,6410806e674dacfa26e0fb8c::7aff8c7c-069f-492d-835c-79873b9bfabc,Delhi,IN,Android,45.4
App Session,1681449017.537,6410806e674dacfa26e0fb8c::7aff8c7c-069f-492d-835c-79873b9bfabc,Delhi,IN,Android,33.1
App Session,1681448775.704,6427ddd0041f1d8f6ed54758::54184c33-013e-433d-a8e6-6d451562344b,Delhi,IN,Android,98.1
App Session,1681447563.509,63fb6bc40cef5dc71d6f7ea2::0b5ba624-518b-434b-bb0a-c5c0e2609d1e,Chandigarh,IN,Android,82.7
App Session,1681446797.496,6414181b674dacfa2653bf9e::63e3c5d1-2b4e-4be4-9bbc-853216c4ac8d,Delhi,IN,Android,16.2
App Session,1681445957.699,6414181b674dacfa2653bf9e::63e3c5d1-2b4e-4be4-9bbc-853216c4ac8d,Delhi,IN,Android,32.2
App Session,1681443185.917,6414181b674dacfa2653bf9e::63e3c5d1-2b4e-4be4-9bbc-853216c4ac8d,Delhi,IN,Android,10.7
App Session,1681441070.245,6414181b674dacfa2653bf9e::63e3c5d1-2b4e-4be4-9bbc-853216c4ac8d,Delhi,IN,Android,56.5
App Session,1681440799.75,6436f0f44c416cbe9f9d8c9b::7b2393c7-3cc9-4378-ad9e-e5b5d3f15bf7,Delhi,IN,Android,107.6
App Session,1681438649.6,6436ba504c416cbe9f966ed6::4946c9a1-2b1c-4938-b598-1c64d751a3a8,Noida,IN,Android,73
App Session,1681438311.228,6436ba504c416cbe9f966ed6::4946c9a1-2b1c-4938-b598-1c64d751a3a8,Delhi,IN,Android,60.6
App Session,1681438240.318,6436ba504c416cbe9f966ed6::4946c9a1-2b1c-4938-b598-1c64d751a3a8,Delhi,IN,Android,30.4
App Session,1681436528.93,641167de674dacfa26fd1a82::d9ece0b0-9c2a-4095-831f-d7fb25c4315f,Gurgaon,IN,Android,178.4
App Session,1681436509.874,63f0c7454bb1fe648be04128::66c55bd2-28ef-4e89-8741-a7f2c31b6d6d,Gurgaon,IN,Android,33.4
App Session,1681430381.236,642ffa474c416cbe9fbb7a51::68a8a690-c873-415e-8c88-8547d3cb28e9,Delhi,IN,Android,160
App Session,1681423287.506,6436f0f44c416cbe9f9d8c9b::7b2393c7-3cc9-4378-ad9e-e5b5d3f15bf7,Delhi,IN,Android,11.4
App Session,1681423250.909,6436f0f44c416cbe9f9d8c9b::7b2393c7-3cc9-4378-ad9e-e5b5d3f15bf7,Delhi,IN,Android,38
App Session,1681418129.207,642956ca041f1d8f6e057334::3cd04c3f-f1d7-422f-ab87-a414968469f9,Delhi,IN,Android,53.6
App Session,1681414230.06,6414181b674dacfa2653bf9e::63e3c5d1-2b4e-4be4-9bbc-853216c4ac8d,Delhi,IN,Android,24
App Session,1681413861.074,6414181b674dacfa2653bf9e::63e3c5d1-2b4e-4be4-9bbc-853216c4ac8d,Delhi,IN,Android,30.2
App Session,1681413829.906,6414181b674dacfa2653bf9e::63e3c5d1-2b4e-4be4-9bbc-853216c4ac8d,Delhi,IN,Android,55.7
App Session,1681412578.513,6436f0f44c416cbe9f9d8c9b::7b2393c7-3cc9-4378-ad9e-e5b5d3f15bf7,Delhi,IN,Android,152
App Session,1681410428.776,6436f0f44c416cbe9f9d8c9b::7b2393c7-3cc9-4378-ad9e-e5b5d3f15bf7,Delhi,IN,Android,32.2
App Session,1681405356.835,641d6614674dacfa2682aef9::22ddf556-93e2-4a27-9b88-a8da14352b2f,Delhi,IN,Android,177.5
App Session,1681405153.654,641d6614674dacfa2682aef9::22ddf556-93e2-4a27-9b88-a8da14352b2f,Delhi,IN,Android,119.6
App Session,1681405016.394,641d6614674dacfa2682aef9::22ddf556-93e2-4a27-9b88-a8da14352b2f,Delhi,IN,Android,11.9
App Session,1681404988.801,641d6614674dacfa2682aef9::22ddf556-93e2-4a27-9b88-a8da14352b2f,Delhi,IN,Android,45.3
App Session,1681402819.398,6436f0f44c416cbe9f9d8c9b::7b2393c7-3cc9-4378-ad9e-e5b5d3f15bf7,Delhi,IN,Android,249.2
App Session,1681400636.296,6401a1cf9f741c4433bb2f1f::f2bed998-c329-46a2-aa2f-573d29ce1b5c,Delhi,IN,Android,14.8
App Session,1681400445.777,6414181b674dacfa2653bf9e::63e3c5d1-2b4e-4be4-9bbc-853216c4ac8d,Delhi,IN,Android,49.8
App Session,1681400151.625,641167de674dacfa26fd1a82::d9ece0b0-9c2a-4095-831f-d7fb25c4315f,Gurgaon,IN,Android,35.9
App Session,1681397401.594,641167de674dacfa26fd1a82::d9ece0b0-9c2a-4095-831f-d7fb25c4315f,Delhi,IN,Android,25.4
App Session,1681396655.973,641167de674dacfa26fd1a82::d9ece0b0-9c2a-4095-831f-d7fb25c4315f,Delhi,IN,Android,22.2
App Session,1681396373.116,641167de674dacfa26fd1a82::d9ece0b0-9c2a-4095-831f-d7fb25c4315f,Delhi,IN,Android,40.7
App Session,1681396220.366,6414181b674dacfa2653bf9e::63e3c5d1-2b4e-4be4-9bbc-853216c4ac8d,Delhi,IN,Android,250.4
App Session,1681395950.766,6414181b674dacfa2653bf9e::63e3c5d1-2b4e-4be4-9bbc-853216c4ac8d,Delhi,IN,Android,14.4
App Session,1681395191.028,6414181b674dacfa2653bf9e::63e3c5d1-2b4e-4be4-9bbc-853216c4ac8d,Delhi,IN,Android,89.3
App Session,1681393618.6,6414181b674dacfa2653bf9e::63e3c5d1-2b4e-4be4-9bbc-853216c4ac8d,Delhi,IN,Android,34
App Session,1681393558.891,6414181b674dacfa2653bf9e::63e3c5d1-2b4e-4be4-9bbc-853216c4ac8d,Delhi,IN,Android,32.8
App Session,1681392507.674,64368a2f4c416cbe9f8fd48f::9c0f3994-d325-4c3f-a362-07d70067b9c7,Gurgaon,IN,Android,40.7
App Session,1681392432.52,6427ddd0041f1d8f6ed54758::54184c33-013e-433d-a8e6-6d451562344b,Delhi,IN,Android,32.8
App Session,1681389465.515,643024584c416cbe9fc156e0::889a6dfc-fbf7-404e-be2a-da26f2b4d9c4,Gurgaon,IN,Android,297.1
App Session,1681386721.049,6410806e674dacfa26e0fb8c::7aff8c7c-069f-492d-835c-79873b9bfabc,Noida,IN,Android,12.4
App Session,1681385541.25,6433abd0bb62e3108690e4d5::76cff0a5-075c-4d55-9463-50efb82704e6,Faridabad,IN,Android,32.6
App Session,1681385469.206,6433abd0bb62e3108690e4d5::76cff0a5-075c-4d55-9463-50efb82704e6,Faridabad,IN,Android,212.3
App Session,1681383755.582,64365c714c416cbe9f89b1ec::b898891a-e874-4011-8c41-a6152e8e16ef,Delhi,IN,Android,19
App Session,1681383608.429,643024584c416cbe9fc156e0::3cd329ac-52bf-4e38-b769-db59435f69a8,Gurgaon,IN,Android,43.9
App Session,1681375268.553,63fb6bc40cef5dc71d6f7ea2::0b5ba624-518b-434b-bb0a-c5c0e2609d1e,Chandigarh,IN,Android,13.1
App Session,1681374554.737,6427ddd0041f1d8f6ed54758::54184c33-013e-433d-a8e6-6d451562344b,Delhi,IN,Android,60.6
App Session,1681372709.181,643024584c416cbe9fc156e0::3cd329ac-52bf-4e38-b769-db59435f69a8,Gurgaon,IN,Android,49.3
App Session,1681370662.384,6414181b674dacfa2653bf9e::63e3c5d1-2b4e-4be4-9bbc-853216c4ac8d,Delhi,IN,Android,18
App Session,1681367533.847,643024584c416cbe9fc156e0::3cd329ac-52bf-4e38-b769-db59435f69a8,Delhi,IN,Android,27.2
App Session,1681367477.31,643024584c416cbe9fc156e0::3cd329ac-52bf-4e38-b769-db59435f69a8,Delhi,IN,Android,24.9
App Session,1681365065.846,6412bdee674dacfa26281be7::3260f6ed-cd23-4d0c-8df8-edf5df2c6d24,Abu Dhabi,AE,Android,42.6
App Session,1681364845.99,64368a2f4c416cbe9f8fd48f::9c0f3994-d325-4c3f-a362-07d70067b9c7,Gurgaon,IN,Android,66.5
App Session,1681363686.808,6427ddd0041f1d8f6ed54758::54184c33-013e-433d-a8e6-6d451562344b,Delhi,IN,Android,18.6
App Session,1681363441.652,6427ddd0041f1d8f6ed54758::54184c33-013e-433d-a8e6-6d451562344b,Delhi,IN,Android,30.4
App Session,1681363367.714,6427ddd0041f1d8f6ed54758::54184c33-013e-433d-a8e6-6d451562344b,Delhi,IN,Android,92.6
App Session,1681362552.095,63fb6bc40cef5dc71d6f7ea2::0b5ba624-518b-434b-bb0a-c5c0e2609d1e,Chandigarh,IN,Android,77.7
App Session,1681361865.253,6422e9d5674dacfa2637d15c::86d8970f-12e2-4d1f-ba73-fe12ecf3423c,Delhi,IN,Android,86.9
App Session,1681361558.018,6436ba504c416cbe9f966ed6::4946c9a1-2b1c-4938-b598-1c64d751a3a8,Noida,IN,Android,133.4
App Session,1681361525.216,6422e9d5674dacfa2637d15c::86d8970f-12e2-4d1f-ba73-fe12ecf3423c,Delhi,IN,Android,29.9
App Session,1681361374.838,6436ba504c416cbe9f966ed6::4946c9a1-2b1c-4938-b598-1c64d751a3a8,Noida,IN,Android,23.6
App Session,1681352249.739,63f0c7454bb1fe648be04128::66c55bd2-28ef-4e89-8741-a7f2c31b6d6d,Delhi,IN,Android,78.7
App Session,1681351908.163,6436ba504c416cbe9f966ed6::4946c9a1-2b1c-4938-b598-1c64d751a3a8,Delhi,IN,Android,61.7
App Session,1681351003.93,6427ddd0041f1d8f6ed54758::54184c33-013e-433d-a8e6-6d451562344b,Delhi,IN,Android,49.4
App Session,1681347422.019,64365c714c416cbe9f89b1ec::a7900800-98c0-4f07-871f-3cd0ead162d7,Delhi,IN,Android,61.6
App Session,1681347348.19,64365c714c416cbe9f89b1ec::a7900800-98c0-4f07-871f-3cd0ead162d7,Delhi,IN,Android,35.3
App Session,1681338353.285,6410806e674dacfa26e0fb8c::7aff8c7c-069f-492d-835c-79873b9bfabc,Delhi,IN,Android,48.6
App Session,1681336352.462,6410806e674dacfa26e0fb8c::7aff8c7c-069f-492d-835c-79873b9bfabc,Delhi,IN,Android,32.8
App Session,1681322712.76,6436f0f44c416cbe9f9d8c9b::7b2393c7-3cc9-4378-ad9e-e5b5d3f15bf7,Delhi,IN,Android,141.4
App Session,1681322569.956,6436f0f44c416cbe9f9d8c9b::7b2393c7-3cc9-4378-ad9e-e5b5d3f15bf7,Delhi,IN,Android,387.6
App Session,1681321537.13,6410806e674dacfa26e0fb8c::7aff8c7c-069f-492d-835c-79873b9bfabc,Delhi,IN,Android,10.3
App Session,1681321242.075,6410806e674dacfa26e0fb8c::7aff8c7c-069f-492d-835c-79873b9bfabc,Delhi,IN,Android,74.9
App Session,1681321006.347,6436ba504c416cbe9f966ed6::4946c9a1-2b1c-4938-b598-1c64d751a3a8,Noida,IN,Android,307.4
App Session,1681320647.12,6421d820674dacfa2615863d::def4ccf6-8a74-4f4f-8a0f-b1158673eec9,Gurgaon,IN,Android,90.2
App Session,1681316578.861,6406f764674dacfa26adf729::a67a7240-1269-4e21-9dd0-31450fe190b8,Delhi,IN,Android,22
App Session,1681316539.409,6406f764674dacfa26adf729::a67a7240-1269-4e21-9dd0-31450fe190b8,Delhi,IN,Android,24.5
App Session,1681316385.824,6406f764674dacfa26adf729::a67a7240-1269-4e21-9dd0-31450fe190b8,Delhi,IN,Android,10.1
App Session,1681316234.307,6406f764674dacfa26adf729::a67a7240-1269-4e21-9dd0-31450fe190b8,Delhi,IN,Android,17.3
App Session,1681315760.171,643024584c416cbe9fc156e0::3cd329ac-52bf-4e38-b769-db59435f69a8,Gurgaon,IN,Android,46.6
App Session,1681315595.687,64368a2f4c416cbe9f8fd48f::9c0f3994-d325-4c3f-a362-07d70067b9c7,Gurgaon,IN,Android,72.7
App Session,1681315521.542,64368a2f4c416cbe9f8fd48f::9c0f3994-d325-4c3f-a362-07d70067b9c7,Gurgaon,IN,Android,78.3
App Session,1681315433.516,64368a2f4c416cbe9f8fd48f::9c0f3994-d325-4c3f-a362-07d70067b9c7,Gurgaon,IN,Android,16.3
App Session,1681315385.815,64368a2f4c416cbe9f8fd48f::9c0f3994-d325-4c3f-a362-07d70067b9c7,Gurgaon,IN,Android,140.6
App Session,1681315346.979,643024584c416cbe9fc156e0::3cd329ac-52bf-4e38-b769-db59435f69a8,Gurgaon,IN,Android,217.4
App Session,1681315219.499,64368a2f4c416cbe9f8fd48f::9c0f3994-d325-4c3f-a362-07d70067b9c7,Gurgaon,IN,Android,198.6
App Session,1681315013.941,64368a2f4c416cbe9f8fd48f::9c0f3994-d325-4c3f-a362-07d70067b9c7,Gurgaon,IN,Android,111
App Session,1681314819.914,63f5fbea4bb1fe648be04254::61c85b15-fb04-484b-bf44-eaf96b54d662,Delhi,IN,Android,19.7
App Session,1681314603.944,6406f764674dacfa26adf729::a67a7240-1269-4e21-9dd0-31450fe190b8,Delhi,IN,Android,29.1
App Session,1681314107.179,643024584c416cbe9fc156e0::3cd329ac-52bf-4e38-b769-db59435f69a8,Gurgaon,IN,Android,41.1
App Session,1681313640.744,6427ddd0041f1d8f6ed54758::54184c33-013e-433d-a8e6-6d451562344b,Delhi,IN,Android,17.5
App Session,1681313594.612,6427ddd0041f1d8f6ed54758::54184c33-013e-433d-a8e6-6d451562344b,Delhi,IN,Android,28.8
App Session,1681312905.666,643024584c416cbe9fc156e0::3cd329ac-52bf-4e38-b769-db59435f69a8,Delhi,IN,Android,65.2
App Session,1681310689.774,6436b5e04c416cbe9f95d554::10ab5a9f-442a-449f-a93f-dc5f4a35fdc4,Delhi,IN,Android,32.6
App Session,1681309537.964,6436ba504c416cbe9f966ed6::4946c9a1-2b1c-4938-b598-1c64d751a3a8,Delhi,IN,Android,103.6
App Session,1681308989.856,6436ba504c416cbe9f966ed6::4946c9a1-2b1c-4938-b598-1c64d751a3a8,Delhi,IN,Android,46.2
App Session,1681308369.695,6436ba504c416cbe9f966ed6::4946c9a1-2b1c-4938-b598-1c64d751a3a8,Delhi,IN,Android,185
App Session,1681307171.112,6436b5e04c416cbe9f95d554::10ab5a9f-442a-449f-a93f-dc5f4a35fdc4,Delhi,IN,Android,140.4
App Session,1681306839.425,64365c714c416cbe9f89b1ec::b898891a-e874-4011-8c41-a6152e8e16ef,New Delhi,IN,Android,23.5
App Session,1681306277.683,642ffa474c416cbe9fbb7a51::68a8a690-c873-415e-8c88-8547d3cb28e9,Delhi,IN,Android,33.4
App Session,1681306236.548,642ffa474c416cbe9fbb7a51::68a8a690-c873-415e-8c88-8547d3cb28e9,Delhi,IN,Android,10.5
App Session,1681306207.462,642ffa474c416cbe9fbb7a51::68a8a690-c873-415e-8c88-8547d3cb28e9,Delhi,IN,Android,10.2
App Session,1681306175.756,642ffa474c416cbe9fbb7a51::68a8a690-c873-415e-8c88-8547d3cb28e9,Delhi,IN,Android,44.9
App Session,1681304286.721,6406f764674dacfa26adf729::a67a7240-1269-4e21-9dd0-31450fe190b8,Gurgaon,IN,Android,132.3
App Session,1681304132.599,6406f764674dacfa26adf729::a67a7240-1269-4e21-9dd0-31450fe190b8,Gurgaon,IN,Android,70.6
App Session,1681303695.867,64365c714c416cbe9f89b1ec::b898891a-e874-4011-8c41-a6152e8e16ef,New Delhi,IN,Android,45.3
App Session,1681302967.86,63f0c7454bb1fe648be04128::66c55bd2-28ef-4e89-8741-a7f2c31b6d6d,Delhi,IN,Android,13.7
App Session,1681302874.164,63f0c7454bb1fe648be04128::66c55bd2-28ef-4e89-8741-a7f2c31b6d6d,Gurgaon,IN,Android,51.6
App Session,1681302796.351,6427ddd0041f1d8f6ed54758::54184c33-013e-433d-a8e6-6d451562344b,Delhi,IN,Android,145.6
App Session,1681302622.575,642d5ac27757a413d1c8d407::6fecf028-d18f-4587-b3af-c3958e6284f8,Delhi,IN,Android,239.1
App Session,1681302156.619,640eeca3674dacfa26ad8a75::029f3488-f089-4675-9f9f-e341b29ae4bf,Noida,IN,Android,23.1
App Session,1681301372.734,64368a2f4c416cbe9f8fd48f::9c0f3994-d325-4c3f-a362-07d70067b9c7,Gurgaon,IN,Android,88.6
App Session,1681300819.447,642ffa474c416cbe9fbb7a51::68a8a690-c873-415e-8c88-8547d3cb28e9,Delhi,IN,Android,11.3
App Session,1681299651.739,63fb6bc40cef5dc71d6f7ea2::0b5ba624-518b-434b-bb0a-c5c0e2609d1e,Delhi,IN,Android,28.9
App Session,1681299602.251,63fb6bc40cef5dc71d6f7ea2::0b5ba624-518b-434b-bb0a-c5c0e2609d1e,Delhi,IN,Android,122.1
App Session,1681299271.104,642ffa474c416cbe9fbb7a51::68a8a690-c873-415e-8c88-8547d3cb28e9,Delhi,IN,Android,62.8
App Session,1681299041.427,642ffa474c416cbe9fbb7a51::68a8a690-c873-415e-8c88-8547d3cb28e9,Delhi,IN,Android,22.2
App Session,1681298845.353,641455fb674dacfa265c1469::d85a0e08-0f6a-4e0f-a0f2-f17b9983a20a,Ghaziabad,IN,Android,11.7
App Session,1681298635.358,6433abd0bb62e3108690e4d5::76cff0a5-075c-4d55-9463-50efb82704e6,Delhi,IN,Android,256.4
App Session,1681298614.931,641455fb674dacfa265c1469::d85a0e08-0f6a-4e0f-a0f2-f17b9983a20a,Ghaziabad,IN,Android,60.6
App Session,1681298522.965,643024584c416cbe9fc156e0::3cd329ac-52bf-4e38-b769-db59435f69a8,Gurgaon,IN,Android,11.6
App Session,1681298490.104,643024584c416cbe9fc156e0::3cd329ac-52bf-4e38-b769-db59435f69a8,Gurgaon,IN,Android,23.3
App Session,1681298439.38,642ffa474c416cbe9fbb7a51::68a8a690-c873-415e-8c88-8547d3cb28e9,Delhi,IN,Android,20
App Session,1681298181.792,641455fb674dacfa265c1469::d85a0e08-0f6a-4e0f-a0f2-f17b9983a20a,Ghaziabad,IN,Android,15.9
App Session,1681298163.36,642ffa474c416cbe9fbb7a51::68a8a690-c873-415e-8c88-8547d3cb28e9,Delhi,IN,Android,42.6
App Session,1681298109.684,641455fb674dacfa265c1469::d85a0e08-0f6a-4e0f-a0f2-f17b9983a20a,Ghaziabad,IN,Android,12
App Session,1681297586.847,641455fb674dacfa265c1469::d85a0e08-0f6a-4e0f-a0f2-f17b9983a20a,Delhi,IN,Android,12.2
App Session,1681297509.925,6427ddd0041f1d8f6ed54758::54184c33-013e-433d-a8e6-6d451562344b,Delhi,IN,Android,24.9
App Session,1681297421.661,643024584c416cbe9fc156e0::889a6dfc-fbf7-404e-be2a-da26f2b4d9c4,Gurgaon,IN,Android,49.6
App Session,1681297362.931,64368a2f4c416cbe9f8fd48f::9c0f3994-d325-4c3f-a362-07d70067b9c7,Gurgaon,IN,Android,13.8
App Session,1681297277.371,642ffa474c416cbe9fbb7a51::68a8a690-c873-415e-8c88-8547d3cb28e9,Delhi,IN,Android,27.6
App Session,1681296760.858,643024584c416cbe9fc156e0::889a6dfc-fbf7-404e-be2a-da26f2b4d9c4,Gurgaon,IN,Android,117.4
App Session,1681296416.946,6427ddd0041f1d8f6ed54758::54184c33-013e-433d-a8e6-6d451562344b,Delhi,IN,Android,74.7
App Session,1681296286.431,64368a2f4c416cbe9f8fd48f::9c0f3994-d325-4c3f-a362-07d70067b9c7,Gurgaon,IN,Android,78.1
App Session,1681295965.517,64368a2f4c416cbe9f8fd48f::9c0f3994-d325-4c3f-a362-07d70067b9c7,Gurgaon,IN,Android,91.8
App Session,1681295709.931,642ffa474c416cbe9fbb7a51::68a8a690-c873-415e-8c88-8547d3cb28e9,Delhi,IN,Android,39.9
App Session,1681294881.617,641167de674dacfa26fd1a82::d9ece0b0-9c2a-4095-831f-d7fb25c4315f,Delhi,IN,Android,27.8
App Session,1681293234.031,6414181b674dacfa2653bf9e::63e3c5d1-2b4e-4be4-9bbc-853216c4ac8d,Delhi,IN,Android,49.2
App Session,1681293178.301,6414181b674dacfa2653bf9e::63e3c5d1-2b4e-4be4-9bbc-853216c4ac8d,Delhi,IN,Android,15.2
App Session,1681293083.506,64365c714c416cbe9f89b1ec::a7900800-98c0-4f07-871f-3cd0ead162d7,Delhi,IN,Android,86.3
App Session,1681292996.02,64365c714c416cbe9f89b1ec::a7900800-98c0-4f07-871f-3cd0ead162d7,Delhi,IN,Android,27.4
App Session,1681292923.487,64365c714c416cbe9f89b1ec::b898891a-e874-4011-8c41-a6152e8e16ef,Delhi,IN,Android,114
App Session,1681292342.973,63f0c7454bb1fe648be04128::66c55bd2-28ef-4e89-8741-a7f2c31b6d6d,Gurgaon,IN,Android,65.8
App Session,1681290288.393,64365c714c416cbe9f89b1ec::b898891a-e874-4011-8c41-a6152e8e16ef,Delhi,IN,Android,27
App Session,1681289714.644,6427ddd0041f1d8f6ed54758::54184c33-013e-433d-a8e6-6d451562344b,Delhi,IN,Android,62.8
App Session,1681289405.76,63fb6bc40cef5dc71d6f7ea2::0b5ba624-518b-434b-bb0a-c5c0e2609d1e,Ludhiana,IN,Android,17.1
App Session,1681289069.97,63fb6bc40cef5dc71d6f7ea2::0b5ba624-518b-434b-bb0a-c5c0e2609d1e,Ludhiana,IN,Android,147.6
App Session,1681287995.495,643024584c416cbe9fc156e0::889a6dfc-fbf7-404e-be2a-da26f2b4d9c4,Gurgaon,IN,Android,29.1
App Session,1681287959.183,643024584c416cbe9fc156e0::889a6dfc-fbf7-404e-be2a-da26f2b4d9c4,Gurgaon,IN,Android,106.9
App Session,1681287917.907,642ffa474c416cbe9fbb7a51::68a8a690-c873-415e-8c88-8547d3cb28e9,Delhi,IN,Android,13.4
App Session,1681287893.748,64365c714c416cbe9f89b1ec::a7900800-98c0-4f07-871f-3cd0ead162d7,Delhi,IN,Android,88.3
App Session,1681287850.63,643024584c416cbe9fc156e0::889a6dfc-fbf7-404e-be2a-da26f2b4d9c4,Gurgaon,IN,Android,169.4
App Session,1681287722.457,64365c714c416cbe9f89b1ec::a7900800-98c0-4f07-871f-3cd0ead162d7,Delhi,IN,Android,22.3
App Session,1681287720.21,63fb6bc40cef5dc71d6f7ea2::0b5ba624-518b-434b-bb0a-c5c0e2609d1e,Ludhiana,IN,Android,40.3
App Session,1681287672.429,642ffa474c416cbe9fbb7a51::68a8a690-c873-415e-8c88-8547d3cb28e9,Delhi,IN,Android,180.2
App Session,1681287648.721,63fb6bc40cef5dc71d6f7ea2::0b5ba624-518b-434b-bb0a-c5c0e2609d1e,Ludhiana,IN,Android,31.4
App Session,1681287643.968,64365c714c416cbe9f89b1ec::b898891a-e874-4011-8c41-a6152e8e16ef,Delhi,IN,Android,55.9
App Session,1681287543.791,63fb6bc40cef5dc71d6f7ea2::0b5ba624-518b-434b-bb0a-c5c0e2609d1e,Ludhiana,IN,Android,19.8
App Session,1681287438.731,642ffa474c416cbe9fbb7a51::68a8a690-c873-415e-8c88-8547d3cb28e9,Delhi,IN,Android,26
App Session,1681287049.704,641167de674dacfa26fd1a82::d9ece0b0-9c2a-4095-831f-d7fb25c4315f,Delhi,IN,Android,41.3
App Session,1681286883.151,63fb6bc40cef5dc71d6f7ea2::0b5ba624-518b-434b-bb0a-c5c0e2609d1e,Ludhiana,IN,Android,43.6
App Session,1681286651,64365c714c416cbe9f89b1ec::b898891a-e874-4011-8c41-a6152e8e16ef,Delhi,IN,Android,35
App Session,1681286467.238,64365c714c416cbe9f89b1ec::a7900800-98c0-4f07-871f-3cd0ead162d7,Delhi,IN,Android,32
App Session,1681285178.39,64365c714c416cbe9f89b1ec::b898891a-e874-4011-8c41-a6152e8e16ef,Delhi,IN,Android,15.4
App Session,1681285130.495,64365c714c416cbe9f89b1ec::b898891a-e874-4011-8c41-a6152e8e16ef,Delhi,IN,Android,91.9
App Session,1681285104.459,64365c714c416cbe9f89b1ec::a7900800-98c0-4f07-871f-3cd0ead162d7,Delhi,IN,Android,12
App Session,1681285062.854,642ffa474c416cbe9fbb7a51::68a8a690-c873-415e-8c88-8547d3cb28e9,Delhi,IN,Android,36.9
App Session,1681284908.04,64365c714c416cbe9f89b1ec::b898891a-e874-4011-8c41-a6152e8e16ef,Delhi,IN,Android,32.4
App Session,1681284874.674,64365c714c416cbe9f89b1ec::b898891a-e874-4011-8c41-a6152e8e16ef,Delhi,IN,Android,220.8
App Session,1681284612.089,64365c714c416cbe9f89b1ec::a7900800-98c0-4f07-871f-3cd0ead162d7,Delhi,IN,Android,65.3
App Session,1681284544.622,64365c714c416cbe9f89b1ec::a7900800-98c0-4f07-871f-3cd0ead162d7,Delhi,IN,Android,10.2
App Session,1681284480.659,64365c714c416cbe9f89b1ec::a7900800-98c0-4f07-871f-3cd0ead162d7,Delhi,IN,Android,76.7
App Session,1681284375.447,64365c714c416cbe9f89b1ec::a7900800-98c0-4f07-871f-3cd0ead162d7,Delhi,IN,Android,92.2
App Session,1681284245.835,64365c714c416cbe9f89b1ec::a7900800-98c0-4f07-871f-3cd0ead162d7,Delhi,IN,Android,59.9
App Session,1681284025.811,63fb6bc40cef5dc71d6f7ea2::0b5ba624-518b-434b-bb0a-c5c0e2609d1e,Ludhiana,IN,Android,48.5
App Session,1681282041.254,642ffa474c416cbe9fbb7a51::68a8a690-c873-415e-8c88-8547d3cb28e9,Delhi,IN,Android,71.9
App Session,1681281968.826,642ffa474c416cbe9fbb7a51::68a8a690-c873-415e-8c88-8547d3cb28e9,Delhi,IN,Android,53.8
App Session,1681280509.663,642ffa474c416cbe9fbb7a51::68a8a690-c873-415e-8c88-8547d3cb28e9,Delhi,IN,Android,236
App Session,1681280270.008,642ffa474c416cbe9fbb7a51::68a8a690-c873-415e-8c88-8547d3cb28e9,Delhi,IN,Android,30.5
App Session,1681280199.629,642ffa474c416cbe9fbb7a51::68a8a690-c873-415e-8c88-8547d3cb28e9,Delhi,IN,Android,13.6
App Session,1681280104.889,642ffa474c416cbe9fbb7a51::68a8a690-c873-415e-8c88-8547d3cb28e9,Delhi,IN,Android,187.3
App Session,1681278697.392,641167de674dacfa26fd1a82::d9ece0b0-9c2a-4095-831f-d7fb25c4315f,Delhi,IN,Android,25.6
App Session,1681278356.395,63fb6bc40cef5dc71d6f7ea2::0b5ba624-518b-434b-bb0a-c5c0e2609d1e,Ludhiana,IN,Android,36.4
App Session,1681276707.874,6427ddd0041f1d8f6ed54758::54184c33-013e-433d-a8e6-6d451562344b,Delhi,IN,Android,88.9
App Session,1681276591.578,6427ddd0041f1d8f6ed54758::54184c33-013e-433d-a8e6-6d451562344b,Delhi,IN,Android,13.2
App Session,1681275405.665,641455fb674dacfa265c1469::d85a0e08-0f6a-4e0f-a0f2-f17b9983a20a,Ghaziabad,IN,Android,16.1
App Session,1681275383.877,641455fb674dacfa265c1469::d85a0e08-0f6a-4e0f-a0f2-f17b9983a20a,Ghaziabad,IN,Android,48.5
App Session,1681275191.841,643024584c416cbe9fc156e0::889a6dfc-fbf7-404e-be2a-da26f2b4d9c4,Gurgaon,IN,Android,10.6
App Session,1681275179.556,643024584c416cbe9fc156e0::889a6dfc-fbf7-404e-be2a-da26f2b4d9c4,Gurgaon,IN,Android,117.4
App Session,1681273357.622,63ecbb4281407145daabec2a::a0559d87-bf51-46e4-b05f-73206c3d34e2,Karnal,IN,Android,41.1
App Session,1681272844.543,63fb6bc40cef5dc71d6f7ea2::0b5ba624-518b-434b-bb0a-c5c0e2609d1e,Ludhiana,IN,Android,198.2
App Session,1681270822.63,6433abd0bb62e3108690e4d5::76cff0a5-075c-4d55-9463-50efb82704e6,Noida,IN,Android,248.6
App Session,1681269454.535,63fb6bc40cef5dc71d6f7ea2::0b5ba624-518b-434b-bb0a-c5c0e2609d1e,Ludhiana,IN,Android,64.6
App Session,1681269204.738,63fb6bc40cef5dc71d6f7ea2::0b5ba624-518b-434b-bb0a-c5c0e2609d1e,Ludhiana,IN,Android,13
App Session,1681268327.414,6421d820674dacfa2615863d::def4ccf6-8a74-4f4f-8a0f-b1158673eec9,Delhi,IN,Android,23.9
App Session,1681265511.951,63fb6bc40cef5dc71d6f7ea2::0b5ba624-518b-434b-bb0a-c5c0e2609d1e,Ludhiana,IN,Android,60.4
App Session,1681264875.199,6401a1cf9f741c4433bb2f1f::f2bed998-c329-46a2-aa2f-573d29ce1b5c,Gurgaon,IN,Android,39.1
App Session,1681263994.505,63fb6bc40cef5dc71d6f7ea2::0b5ba624-518b-434b-bb0a-c5c0e2609d1e,Ludhiana,IN,Android,19.4
App Session,1681263466.18,63fb6bc40cef5dc71d6f7ea2::0b5ba624-518b-434b-bb0a-c5c0e2609d1e,Ludhiana,IN,Android,33.5
App Session,1681239608.78,643285854c416cbe9f0df6d2::3b4956e6-0e95-47f6-af7b-49446c53fa94,Delhi,IN,Android,12.8
App Session,1681230339.779,642ffa474c416cbe9fbb7a51::68a8a690-c873-415e-8c88-8547d3cb28e9,Delhi,IN,Android,18.2
App Session,1681230307.352,642ffa474c416cbe9fbb7a51::68a8a690-c873-415e-8c88-8547d3cb28e9,Delhi,IN,Android,159.6
App Session,1681222718.821,64253945041f1d8f6e7eef20::d18ddf68-f691-4e10-a53b-d0095507ec48,Delhi,IN,Android,65.5
App Session,1681222521.258,6427ddd0041f1d8f6ed54758::54184c33-013e-433d-a8e6-6d451562344b,Delhi,IN,Android,25
App Session,1681213056.662,6407305f674dacfa26b59c77::7f2fc188-eeb4-46b4-ab01-76d8a2d9a82f,Gurgaon,IN,Android,21.1
App Session,1681213028.289,6407305f674dacfa26b59c77::7f2fc188-eeb4-46b4-ab01-76d8a2d9a82f,Gurgaon,IN,Android,28.9
App Session,1681212648.735,6407305f674dacfa26b59c77::7f2fc188-eeb4-46b4-ab01-76d8a2d9a82f,Delhi,IN,Android,96.9
App Session,1681212050.29,6427ddd0041f1d8f6ed54758::54184c33-013e-433d-a8e6-6d451562344b,Delhi,IN,Android,32.3
App Session,1681211859.811,6407305f674dacfa26b59c77::7f2fc188-eeb4-46b4-ab01-76d8a2d9a82f,Delhi,IN,Android,135.1
App Session,1681211700.69,6407305f674dacfa26b59c77::7f2fc188-eeb4-46b4-ab01-76d8a2d9a82f,Delhi,IN,Android,19.4
App Session,1681211680.837,6407305f674dacfa26b59c77::7f2fc188-eeb4-46b4-ab01-76d8a2d9a82f,Delhi,IN,Android,43.3
App Session,1681211211.376,6407305f674dacfa26b59c77::7f2fc188-eeb4-46b4-ab01-76d8a2d9a82f,Delhi,IN,Android,63.7
App Session,1681211048.644,6407305f674dacfa26b59c77::7f2fc188-eeb4-46b4-ab01-76d8a2d9a82f,Delhi,IN,Android,192.2
App Session,1681210855.115,6407305f674dacfa26b59c77::7f2fc188-eeb4-46b4-ab01-76d8a2d9a82f,Delhi,IN,Android,77.6
App Session,1681210766.471,6418628d674dacfa26df639c::21728592-dc6d-4842-b034-0a6f4550e2c9,Bengaluru,IN,Android,59.2
App Session,1681209839.641,63fc6ad40cef5dc71d8f0c92::e5b4c095-2c43-4851-9c87-91af8d7fafc7,Delhi,IN,Android,67.9
App Session,1681208630.072,643534ef4c416cbe9f647edc::61c889e5-44ca-46f5-b220-7849b75a3f84,Ghaziabad,IN,Android,115.1
App Session,1681205576.601,6421d820674dacfa2615863d::def4ccf6-8a74-4f4f-8a0f-b1158673eec9,Delhi,IN,Android,35
App Session,1681205532.158,6421d820674dacfa2615863d::def4ccf6-8a74-4f4f-8a0f-b1158673eec9,Delhi,IN,Android,30.7
App Session,1681205499.177,6421d820674dacfa2615863d::def4ccf6-8a74-4f4f-8a0f-b1158673eec9,Delhi,IN,Android,317
App Session,1681205154.382,6421d820674dacfa2615863d::def4ccf6-8a74-4f4f-8a0f-b1158673eec9,Delhi,IN,Android,20.9
App Session,1681204042.868,6421d820674dacfa2615863d::def4ccf6-8a74-4f4f-8a0f-b1158673eec9,Delhi,IN,Android,19.6
App Session,1681202483.378,63fb6bc40cef5dc71d6f7ea2::0b5ba624-518b-434b-bb0a-c5c0e2609d1e,Amritsar,IN,Android,59.9
App Session,1681201918.682,641167de674dacfa26fd1a82::d9ece0b0-9c2a-4095-831f-d7fb25c4315f,Delhi,IN,Android,26.4
App Session,1681201866.329,641167de674dacfa26fd1a82::d9ece0b0-9c2a-4095-831f-d7fb25c4315f,Delhi,IN,Android,33
App Session,1681200118.708,6401a1cf9f741c4433bb2f1f::f2bed998-c329-46a2-aa2f-573d29ce1b5c,Delhi,IN,Android,13.8
App Session,1681199858.264,6401a1cf9f741c4433bb2f1f::f2bed998-c329-46a2-aa2f-573d29ce1b5c,Delhi,IN,Android,75
App Session,1681199761.899,6401a1cf9f741c4433bb2f1f::f2bed998-c329-46a2-aa2f-573d29ce1b5c,Delhi,IN,Android,19.8
App Session,1681196787.489,6414181b674dacfa2653bf9e::63e3c5d1-2b4e-4be4-9bbc-853216c4ac8d,Delhi,IN,Android,12.7
App Session,1681196203.943,63fb6bc40cef5dc71d6f7ea2::0b5ba624-518b-434b-bb0a-c5c0e2609d1e,Ludhiana,IN,Android,52.8
App Session,1681177840.582,6407305f674dacfa26b59c77::7f2fc188-eeb4-46b4-ab01-76d8a2d9a82f,Delhi,IN,Android,43.7
App Session,1681165283.987,6410806e674dacfa26e0fb8c::7aff8c7c-069f-492d-835c-79873b9bfabc,Noida,IN,Android,11.4
App Session,1681162143.467,6410806e674dacfa26e0fb8c::7aff8c7c-069f-492d-835c-79873b9bfabc,Noida,IN,Android,16.7
App Session,1681151468.607,6418628d674dacfa26df639c::21728592-dc6d-4842-b034-0a6f4550e2c9,Gurgaon,IN,Android,25.2
App Session,1681150352.845,640eeca3674dacfa26ad8a75::029f3488-f089-4675-9f9f-e341b29ae4bf,Delhi,IN,Android,27.2
App Session,1681142014.175,641af8c2674dacfa2633a45b::87feab93-512f-4e11-a995-6ce5b1cc43d0,Jind,IN,Android,33
App Session,1681141972.657,641af8c2674dacfa2633a45b::87feab93-512f-4e11-a995-6ce5b1cc43d0,Jind,IN,Android,59.8
App Session,1681140937.127,6401a1cf9f741c4433bb2f1f::f2bed998-c329-46a2-aa2f-573d29ce1b5c,New Delhi,IN,Android,20.5
App Session,1681140753.327,6418628d674dacfa26df639c::21728592-dc6d-4842-b034-0a6f4550e2c9,Gurgaon,IN,Android,37.6
App Session,1681140633.283,63f0c7454bb1fe648be04128::66c55bd2-28ef-4e89-8741-a7f2c31b6d6d,Delhi,IN,Android,23.4
App Session,1681140474.662,63fb6bc40cef5dc71d6f7ea2::0b5ba624-518b-434b-bb0a-c5c0e2609d1e,Ludhiana,IN,Android,60.8
App Session,1681140459.903,6418628d674dacfa26df639c::21728592-dc6d-4842-b034-0a6f4550e2c9,Gurgaon,IN,Android,27.1
App Session,1681139864.121,642e83cd7757a413d1ee3ae2::ec3777d9-bfb0-49e0-ab02-7c643c219735,Delhi,IN,Android,39
App Session,1681139748.632,643285854c416cbe9f0df6d2::3b4956e6-0e95-47f6-af7b-49446c53fa94,Delhi,IN,Android,16.6
App Session,1681139720.22,6410806e674dacfa26e0fb8c::7aff8c7c-069f-492d-835c-79873b9bfabc,Noida,IN,Android,16
App Session,1681139659.72,641455fb674dacfa265c1469::d85a0e08-0f6a-4e0f-a0f2-f17b9983a20a,Delhi,IN,Android,26.5
App Session,1681139605.701,640dca72674dacfa268944d2::f0faf62e-7084-426f-b8c1-5800358a6807,Delhi,IN,Android,44.4
App Session,1681139578.121,6427ddd0041f1d8f6ed54758::54184c33-013e-433d-a8e6-6d451562344b,Delhi,IN,Android,24.8
App Session,1681139493.938,643285854c416cbe9f0df6d2::3b4956e6-0e95-47f6-af7b-49446c53fa94,Delhi,IN,Android,63.7
App Session,1681137626.462,641d6614674dacfa2682aef9::22ddf556-93e2-4a27-9b88-a8da14352b2f,Gurgaon,IN,Android,21.4
App Session,1681131053.899,6433abd0bb62e3108690e4d5::76cff0a5-075c-4d55-9463-50efb82704e6,Noida,IN,Android,336.4
App Session,1681127844.205,6433abd0bb62e3108690e4d5::76cff0a5-075c-4d55-9463-50efb82704e6,Delhi,IN,Android,47.9
App Session,1681127795.172,6433abd0bb62e3108690e4d5::76cff0a5-075c-4d55-9463-50efb82704e6,Delhi,IN,Android,20.4
App Session,1681127591.939,640dca72674dacfa268944d2::f0faf62e-7084-426f-b8c1-5800358a6807,Delhi,IN,Android,95.9
App Session,1681127450.501,640dca72674dacfa268944d2::f0faf62e-7084-426f-b8c1-5800358a6807,Delhi,IN,Android,12.4
App Session,1681127362.758,640dca72674dacfa268944d2::f0faf62e-7084-426f-b8c1-5800358a6807,Delhi,IN,Android,51.9
App Session,1681123674.4,641167de674dacfa26fd1a82::d9ece0b0-9c2a-4095-831f-d7fb25c4315f,Delhi,IN,Android,20.8
App Session,1681123345.317,641d6614674dacfa2682aef9::22ddf556-93e2-4a27-9b88-a8da14352b2f,Delhi,IN,Android,46.7
App Session,1681123278.388,641d6614674dacfa2682aef9::22ddf556-93e2-4a27-9b88-a8da14352b2f,Delhi,IN,Android,30.8
App Session,1681122501.877,6433abd0bb62e3108690e4d5::76cff0a5-075c-4d55-9463-50efb82704e6,Delhi,IN,Android,154.8
App Session,1681121926.78,64240817041f1d8f6e58657c::03441a31-2f39-4f87-912e-2d34c6dcb21a,Delhi,IN,Android,11.6
App Session,1681115188.253,643024584c416cbe9fc156e0::3cd329ac-52bf-4e38-b769-db59435f69a8,Gurgaon,IN,Android,29.7
App Session,1681115158.358,643024584c416cbe9fc156e0::3cd329ac-52bf-4e38-b769-db59435f69a8,Gurgaon,IN,Android,72.2
App Session,1681112469.485,6427ddd0041f1d8f6ed54758::54184c33-013e-433d-a8e6-6d451562344b,Delhi,IN,Android,35.7
App Session,1681110177.132,6433abd0bb62e3108690e4d5::76cff0a5-075c-4d55-9463-50efb82704e6,Delhi,IN,Android,19.3
App Session,1681108576.761,6433abd0bb62e3108690e4d5::76cff0a5-075c-4d55-9463-50efb82704e6,Delhi,IN,Android,96.2
App Session,1681105475.952,641455fb674dacfa265c1469::d85a0e08-0f6a-4e0f-a0f2-f17b9983a20a,Ghaziabad,IN,Android,18.8
App Session,1681097369.016,6422e9d5674dacfa2637d15c::86d8970f-12e2-4d1f-ba73-fe12ecf3423c,Gurgaon,IN,Android,19.7
App Session,1681097345.381,6422e9d5674dacfa2637d15c::86d8970f-12e2-4d1f-ba73-fe12ecf3423c,Gurgaon,IN,Android,20.7
App Session,1681097279.244,6422e9d5674dacfa2637d15c::86d8970f-12e2-4d1f-ba73-fe12ecf3423c,Gurgaon,IN,Android,69.4
App Session,1681073365.491,64240817041f1d8f6e58657c::03441a31-2f39-4f87-912e-2d34c6dcb21a,Delhi,IN,Android,33.3