Din,Date,App Session - Total
8991102205678841846,Mar 2023,3
8991102205678841929,Mar 2023,2
8991982104921126359,May 2023,31
8991982104921126839,Apr 2023,30
8991982104921126839,May 2023,11
8991982104921127258,Apr 2023,59
8991982104921127258,Feb 2023,6
8991982104921127258,Mar 2023,160
8991982104921127258,May 2023,57
8991982104921143248,May 2023,12
8991982104921152827,Apr 2023,12
8991982104921152827,May 2023,3
8991982104921162701,Apr 2023,55
8991982104921162701,Mar 2023,108
8991982104921162701,May 2023,18
8991982104921164640,Apr 2023,9
8991982104921164640,Feb 2023,34
8991982104921164640,Mar 2023,27
8991982104921164640,May 2023,25
8991982104921175364,Apr 2023,136
8991982104921175364,May 2023,170
8991982104921176768,Apr 2023,5
8991982104921176768,May 2023,2
8991982104921177105,May 2023,24
8991982104921177733,Apr 2023,18
8991982104921177733,Mar 2023,8
8991982104921177733,May 2023,5
8991982104921180745,Apr 2023,89
8991982104921180745,May 2023,53
8991982104921184358,May 2023,14
8991982104921185124,May 2023,73
8991982104921188375,Apr 2023,77
8991982104921188375,Mar 2023,87
8991982104921188375,May 2023,14
8991982104921191429,Apr 2023,15
8991982104921191429,Mar 2023,21
8991982104921191429,May 2023,10
8991982104921192823,Apr 2023,38
8991982104921194951,Apr 2023,47
8991982104921194951,Mar 2023,156
8991982104921194951,May 2023,27
8991982104921195016,Apr 2023,22
8991982104921195016,May 2023,1
8991982104921195065,Apr 2023,16
8991982104921195065,May 2023,22
8991982104921196915,Mar 2023,3
8991982104921198168,Apr 2023,27
8991982104921198168,Mar 2023,5
8991982104921198168,May 2023,7
8991982104921198796,Apr 2023,31
8991982104921198796,Mar 2023,23
8991982104921198796,May 2023,4
8991982104921198812,Apr 2023,23
8991982104921198812,Mar 2023,24
8991982104921198812,May 2023,1
8991982104921198820,May 2023,29
8991982104921198903,Apr 2023,54
8991982104921198903,May 2023,14
8991982104921199018,Apr 2023,22
8991982104921199018,May 2023,59
8991982104921199026,Apr 2023,22
8991982104921199026,Mar 2023,37
8991982104921199026,May 2023,2
8991982104921199059,Apr 2023,7
8991982104921199059,Mar 2023,21
8991982104921199091,Apr 2023,44
8991982104921199091,Mar 2023,114
8991982104921199091,May 2023,13
8991982104921199117,Apr 2023,19
8991982104921199117,May 2023,3
8991982104921199125,Apr 2023,74
8991982104921199125,May 2023,13
8991982104921199166,May 2023,42
8991982104921199174,Apr 2023,13
8991982104921199174,Feb 2023,22
8991982104921199174,Mar 2023,96
8991982104921199174,May 2023,7
8991982104921199216,Apr 2023,89
8991982104921199216,May 2023,122
8991982104921199232,Apr 2023,393
8991982104921199232,May 2023,254
8991982104921201269,Apr 2023,6
8991982104921201269,Mar 2023,9
8991982104921201269,May 2023,2
8991982104921201319,Apr 2023,27
8991982104921201319,May 2023,25
8991982104921201368,Apr 2023,56
8991982104921201368,Mar 2023,99
8991982104921201368,May 2023,1
8991982104921201376,Apr 2023,38
8991982104921201376,Mar 2023,149
8991982104921201376,May 2023,13
8991982104921201384,Apr 2023,41
8991982104921201384,Mar 2023,14
8991982104921201384,May 2023,59
8991982104921201509,Apr 2023,19
8991982104921201509,May 2023,3
8991982104921202309,Apr 2023,35
8991982104921202309,Mar 2023,31
8991982104921202309,May 2023,12
8991982104921202598,May 2023,189
8991982104921202721,Mar 2023,26
8991982104921202721,May 2023,6
8991982104921203372,Apr 2023,17
8991982104921203372,Mar 2023,51
8991982104921203372,May 2023,12
8991982104921203554,Mar 2023,36
8991982104921203596,Apr 2023,38
8991982104921203596,May 2023,26
8991982104921204602,Apr 2023,24
8991982104921204602,Feb 2023,39
8991982104921204602,Mar 2023,27
8991982104921205203,Apr 2023,9
8991982104921205203,Feb 2023,43
8991982104921205203,Mar 2023,26
8991982104921205203,May 2023,3
8991982104921205328,Apr 2023,20
8991982104921205328,May 2023,5
8991982104921205369,Apr 2023,43
8991982104921205369,May 2023,1
8991982104921205492,Mar 2023,22
8991982104921205559,Apr 2023,82
8991982104921205559,May 2023,29
8991982104921205567,May 2023,45
8991982104921205641,Apr 2023,3
8991982104921205641,May 2023,7
8991982104921205674,Apr 2023,9
8991982104921205682,Apr 2023,6
8991982104921205922,Apr 2023,10
8991982104921205922,Mar 2023,12
8991982104921205922,May 2023,19
8991982104921206805,May 2023,63
8991982104921207126,May 2023,60
8991982104921207308,Apr 2023,21
8991982104921207308,Mar 2023,1
8991982104921207324,May 2023,23
8991982104921207613,Apr 2023,27
8991982104921207613,May 2023,19
8991982104921207621,Apr 2023,25
8991982104921207621,Mar 2023,33
8991982104921207621,May 2023,1
8991982104921208256,Mar 2023,1
8991982104921209270,Apr 2023,26
8991982104921209270,Mar 2023,15
8991982104921209270,May 2023,2
8991982104921209379,Apr 2023,35
8991982104921209379,May 2023,33
8991982104921209460,Apr 2023,52
8991982104921209460,Mar 2023,68
8991982104921209460,May 2023,47
8991982104921209486,Apr 2023,57
8991982104921209486,May 2023,13
8991982104921209635,Apr 2023,75
8991982104921209635,May 2023,9
8991982104921209726,Apr 2023,18
8991982104921209726,Feb 2023,13
8991982104921209726,May 2023,16
8991982104921210161,Apr 2023,9
8991982104921210823,Apr 2023,82
8991982104921210823,May 2023,18
8991982104921210872,Apr 2023,85
8991982104921210872,Mar 2023,15
8991982104921210872,May 2023,21
8991982104921210930,Apr 2023,5
8991982104921210930,Feb 2023,2
8991982104921210930,Mar 2023,9
8991982104921210997,Apr 2023,64
8991982104921210997,Mar 2023,13
8991982104921210997,May 2023,26
8991982104921211078,Apr 2023,6
8991982104921211078,Mar 2023,7
8991982104921211086,Apr 2023,24
8991982104921211086,Mar 2023,12
8991982104921211151,Apr 2023,21
8991982104921211151,May 2023,33
8991982104921211227,Apr 2023,3
8991982104921211227,Mar 2023,13
8991982104921211342,Apr 2023,29
8991982104921211342,Mar 2023,42
8991982104921211342,May 2023,7
8991982104921211359,Apr 2023,49
8991982104921211359,May 2023,40
8991982104921211375,Apr 2023,16
8991982104921211375,May 2023,7
8991982104921211482,Apr 2023,1
8991982104921211482,Mar 2023,5
8991982104921211599,May 2023,19
8991982104921211615,Apr 2023,21
8991982104921211615,Mar 2023,31
8991982104921211615,May 2023,5
8991982104921211722,Apr 2023,115
8991982104921211722,May 2023,64
8991982104921211797,May 2023,45
8991982104921211888,May 2023,8
8991982104921212217,May 2023,5
8991982104921212233,Apr 2023,17
8991982104921212233,May 2023,5
8991982104921212258,Apr 2023,25
8991982104921212258,May 2023,12
8991982104921212431,Apr 2023,2
8991982104921212431,Mar 2023,17
8991982104921212431,May 2023,13
8991982104921212506,Apr 2023,9
8991982104921212506,Mar 2023,24
8991982104921212639,May 2023,37
8991982104921212654,Apr 2023,4
8991982104921212654,Mar 2023,7
8991982104921212654,May 2023,4
8991982104921212753,Mar 2023,28
8991982104921213058,Apr 2023,96
8991982104921213058,Mar 2023,196
8991982104921213058,May 2023,87
8991982104921213124,Apr 2023,7
8991982104921213124,May 2023,23
8991982104921213298,Apr 2023,10
8991982104921213298,May 2023,4
8991982104921213322,Apr 2023,81
8991982104921213322,May 2023,15
8991982104921213355,Apr 2023,26
8991982104921213355,Mar 2023,21
8991982104921213355,May 2023,3
8991982104921213488,Apr 2023,24
8991982104921213488,Mar 2023,46
8991982104921213488,May 2023,163
8991982104921213504,May 2023,9
8991982104921213520,May 2023,13
8991982104921213611,Apr 2023,13
8991982104921213611,Mar 2023,28
8991982104921213611,May 2023,5
8991982104921213660,Apr 2023,136
8991982104921213660,May 2023,53
8991982104921213736,May 2023,3
8991982104921214452,Apr 2023,29
8991982104921214452,Mar 2023,44
8991982104921214452,May 2023,6
8991982104921214536,Apr 2023,2
8991982104921214536,May 2023,2
8991982104921214635,Apr 2023,29
8991982104921214635,Mar 2023,92
8991982104921214635,May 2023,15
8991982104921214684,Apr 2023,15
8991982104921214684,May 2023,26
8991982104921214692,Apr 2023,51
8991982104921214692,Feb 2023,72
8991982104921214692,Mar 2023,180
8991982104921214692,May 2023,17
