Distinct ID,First Seen,OS,Distinct ID - Distinct Count
02080c00-fd42-42f2-a9e7-8ac36198db6e,"Feb 20, 2023",undefined,1
0b5ba624-518b-434b-bb0a-c5c0e2609d1e,"Feb 26, 2023",undefined,1
63ecbb4281407145daabec2a::a0559d87-bf51-46e4-b05f-73206c3d34e2,"Feb 15, 2023",undefined,1
63ece59d4bb1fe648aac13d3::9F76A942-B50E-4548-8BE0-E5765E2F7C69,"Feb 15, 2023",iOS,1
63f0c7454bb1fe648be04128::66c55bd2-28ef-4e89-8741-a7f2c31b6d6d,"Mar 5, 2023",undefined,1
63f33e134bb1fe648be041ab::02080c00-fd42-42f2-a9e7-8ac36198db6e,"Feb 21, 2023",undefined,1
63f33e134bb1fe648be041ab::7D0204EE-F45A-4F9A-A9A0-71710F115E1F,"Apr 15, 2023",iOS,1
63f4a4bc81407164cae70ea5::56B07CA7-2A26-45FE-81EB-1C7DEDD47D14,"Feb 21, 2023",iOS,1
63f5fbea4bb1fe648be04254::61c85b15-fb04-484b-bf44-eaf96b54d662,"Feb 24, 2023",undefined,1
63f5fbea4bb1fe648be04254::a216fb9c-97db-405b-b53f-65103aeb3443,"Apr 19, 2023",undefined,1
63f5fbea4bb1fe648be04254::d2dfc7d3-499b-445d-a442-71df32df1681,"Feb 22, 2023",undefined,1
63f75c1b0cef5dc71dec5f5a::9607ae12-7748-4e95-a028-d89832bb7413,"Feb 23, 2023",undefined,1
63fb6bc40cef5dc71d6f7ea2::0b5ba624-518b-434b-bb0a-c5c0e2609d1e,"Feb 27, 2023",undefined,1
63fc6ad40cef5dc71d8f0c92::e5b4c095-2c43-4851-9c87-91af8d7fafc7,"Feb 27, 2023",undefined,1
6401a1cf9f741c4433bb2f1f::f2bed998-c329-46a2-aa2f-573d29ce1b5c,"Mar 3, 2023",undefined,1
6401d1629f741c4433c16db2::E7A8C777-9E3E-44DD-BBC6-734976527C8B,"Mar 3, 2023",iOS,1
6401eed49f741c4433c564ef::3BFBAC82-0C76-4445-B300-F8EE8E28626A,"Mar 3, 2023",iOS,1
6401f60d9f741c4433c669ce::42D3B19F-7870-4F37-9E0C-3B9B466D102B,"Mar 3, 2023",iOS,1
6405e663674dacfa268c2245::7a2039d3-cb67-459a-a0c2-c7a81cda8aa0,"Mar 6, 2023",undefined,1
6406f764674dacfa26adf729::a67a7240-1269-4e21-9dd0-31450fe190b8,"Mar 7, 2023",undefined,1
64072976674dacfa26b4abba::5824C61F-DEDB-45CB-A3C7-C6B1F67EC6BB,"Mar 7, 2023",iOS,1
6407305f674dacfa26b59c77::7f2fc188-eeb4-46b4-ab01-76d8a2d9a82f,"Mar 7, 2023",undefined,1
640a9d62674dacfa262240b7::9970aeb3-a8c8-4fe7-8b12-5082e6241888,"Mar 18, 2023",undefined,1
640b1448674dacfa2631eb8c::3FA94DDC-0BF1-4CF0-A169-E8EEFE2399EA,"Mar 10, 2023",iOS,1
640db9d1674dacfa2687018b::D989DA59-DDD8-43E9-8B9B-519C5F7381B7,"Mar 12, 2023",iOS,1
640dca72674dacfa268944d2::f0faf62e-7084-426f-b8c1-5800358a6807,"Mar 12, 2023",undefined,1
640eeca3674dacfa26ad8a75::029f3488-f089-4675-9f9f-e341b29ae4bf,"Apr 1, 2023",undefined,1
640eeca3674dacfa26ad8a75::b10ddd6f-a29e-49b4-9bf9-19fee6eefeaa,"Mar 13, 2023",undefined,1
640f1afd674dacfa26b3b81c::f0c454db-3843-4121-af43-e54b35c86220,"Mar 15, 2023",undefined,1
64107d14674dacfa26e08830::E57BCBE9-3A13-4C06-B1FC-586F83D32E6B,"Mar 14, 2023",iOS,1
6410806e674dacfa26e0fb8c::6A7C0046-2D95-481A-961E-2B679C817155,"May 19, 2023",iOS,1
6410806e674dacfa26e0fb8c::7aff8c7c-069f-492d-835c-79873b9bfabc,"Mar 14, 2023",undefined,1
641088e6674dacfa26e22036::0FA52EFD-7F70-405A-80C9-12001085562E,"Mar 14, 2023",iOS,1
641167de674dacfa26fd1a82::d9ece0b0-9c2a-4095-831f-d7fb25c4315f,"Mar 15, 2023",undefined,1
6412bdee674dacfa26281be7::3260f6ed-cd23-4d0c-8df8-edf5df2c6d24,"Mar 16, 2023",undefined,1
6412bdee674dacfa26281be7::E416EAE9-11FF-473B-82EC-14C7ADDFEE5C,"Mar 16, 2023",iOS,1
6412ce61674dacfa262a4703::AFD30AF2-BBD9-4958-B0D2-6671E50B5950,"Mar 16, 2023",iOS,1
641312d3bbbcd43aa744d6fb::2CEAFF13-E633-41A8-A6E4-BB44885F5814,"Mar 16, 2023",iOS,1
64132747674dacfa26363f03::BEB75474-D408-4B69-9247-3089250D377B,"Mar 16, 2023",iOS,1
64132bc8f5d4fa3afa381391::79411820-8CFD-4E8E-8594-F3D09262A113,"Mar 16, 2023",iOS,1
64132bc8f5d4fa3afa381391::AFD30AF2-BBD9-4958-B0D2-6671E50B5950,"Mar 16, 2023",iOS,1
64132fec674dacfa26376a03::D31F4BAD-A681-4267-83D4-CC594273DDEE,"Mar 16, 2023",iOS,1
6413345cbbbcd43aab0c5a51::f2c2b27e-0e04-4caf-a4cb-432de305ed72,"Mar 16, 2023",undefined,1
6414181b674dacfa2653bf9e::63e3c5d1-2b4e-4be4-9bbc-853216c4ac8d,"Mar 17, 2023",undefined,1
641455fb674dacfa265c1469::2b3d10e6-d6c0-4618-986a-2f0df01d1bfd,"Mar 23, 2023",undefined,1
641455fb674dacfa265c1469::d85a0e08-0f6a-4e0f-a0f2-f17b9983a20a,"Mar 17, 2023",undefined,1
64169b8d674dacfa26a51923::ED244EF2-C697-4F7F-94D6-1B96376EEF02,"Mar 19, 2023",iOS,1
6416b249674dacfa26a806c8::01DAC039-DA6E-4938-BB98-1008FFAB441C,"Mar 29, 2023",iOS,1
6416b249674dacfa26a806c8::1A7C57CF-BC33-47C8-A2E4-166255D8D51C,"Mar 19, 2023",iOS,1
6416b249674dacfa26a806c8::eaae2a13-d301-4228-a9ca-c5c36f8a8c61,"Mar 29, 2023",undefined,1
64182b2f674dacfa26d7c991::3A104638-FE15-48B0-B837-BEAF3086ADAA,"Mar 20, 2023",iOS,1
6418628d674dacfa26df639c::21728592-dc6d-4842-b034-0a6f4550e2c9,"Mar 20, 2023",undefined,1
641ab9eb674dacfa262b1133::CFB0D876-49A5-4031-ACBA-CB0DA17CA76A,"Mar 22, 2023",iOS,1
641af8c2674dacfa2633a45b::87feab93-512f-4e11-a995-6ce5b1cc43d0,"Mar 22, 2023",undefined,1
641d6614674dacfa2682aef9::22ddf556-93e2-4a27-9b88-a8da14352b2f,"Mar 24, 2023",undefined,1
641f1bd0674dacfa26bc2c11::6B91AF8D-20EE-401D-BC5A-6EA52230A035,"Mar 25, 2023",iOS,1
641ffb1a674dacfa26d7bc49::EFC25A9C-2E1B-482F-99B2-C0086CE4F890,"Mar 26, 2023",iOS,1
6420080e674dacfa26d97423::31B28950-65DF-479B-A55E-58331FB02AB3,"Mar 26, 2023",iOS,1
6421d820674dacfa2615863d::def4ccf6-8a74-4f4f-8a0f-b1158673eec9,"Mar 27, 2023",undefined,1
6422e9d5674dacfa2637d15c::53B362C0-B67F-4921-8559-80A7FDFCF85C,"Apr 26, 2023",iOS,1
6422e9d5674dacfa2637d15c::86d8970f-12e2-4d1f-ba73-fe12ecf3423c,"Mar 28, 2023",undefined,1
64240817041f1d8f6e58657c::03441a31-2f39-4f87-912e-2d34c6dcb21a,"Mar 29, 2023",undefined,1
642432f1bbbcd43aa744d7bd::01DAC039-DA6E-4938-BB98-1008FFAB441C,"Apr 23, 2023",iOS,1
642432f1bbbcd43aa744d7bd::1A7C57CF-BC33-47C8-A2E4-166255D8D51C,"Mar 29, 2023",iOS,1
64253945041f1d8f6e7eef20::d18ddf68-f691-4e10-a53b-d0095507ec48,"Mar 30, 2023",undefined,1
642549aa041f1d8f6e8126a7::c4381d59-b9f8-4ce7-8fe0-c403af8d8f46,"Mar 30, 2023",undefined,1
6426bc59041f1d8f6eb0a87f::C25388FA-9283-4AAD-9070-C3D20E7CAD9E,"Mar 31, 2023",iOS,1
6426bce2041f1d8f6eb0bb9e::1EF62D2D-D0F4-41EC-A5D9-55170358FA48,"Mar 31, 2023",iOS,1
6426cbc5041f1d8f6eb2d270::72DB0F8E-D812-45FF-93ED-E09FAA3C3F12,"Mar 31, 2023",iOS,1
6427ddd0041f1d8f6ed54758::54184c33-013e-433d-a8e6-6d451562344b,"Apr 1, 2023",undefined,1
64281678041f1d8f6edcfaa0::55BFEB5E-42C4-4FAE-8462-B1FE99E38422,"Apr 1, 2023",iOS,1
642956ca041f1d8f6e057334::3cd04c3f-f1d7-422f-ab87-a414968469f9,"Apr 2, 2023",undefined,1
642bef377757a413d19a8632::BB98EF2F-26CB-4484-BD1E-5DC1687B7A2E,"Apr 4, 2023",iOS,1
642d5ac27757a413d1c8d407::635ED81B-6D0B-4C44-AEEB-9D64BAE6E262,"Apr 5, 2023",iOS,1
642d5ac27757a413d1c8d407::6fecf028-d18f-4587-b3af-c3958e6284f8,"Apr 6, 2023",undefined,1
642e83cd7757a413d1ee3ae2::e280ca86-cd4e-4fad-8943-5d3f296a822b,"Apr 15, 2023",undefined,1
642e83cd7757a413d1ee3ae2::ec3777d9-bfb0-49e0-ab02-7c643c219735,"Apr 6, 2023",undefined,1
642ff52a4c416cbe9fbac7d3::AF2940F3-2774-4D42-862E-5E1224F43759,"Apr 7, 2023",iOS,1
642ffa474c416cbe9fbb7a51::68a8a690-c873-415e-8c88-8547d3cb28e9,"Apr 7, 2023",undefined,1
643024584c416cbe9fc156e0::3cd329ac-52bf-4e38-b769-db59435f69a8,"Apr 7, 2023",undefined,1
643024584c416cbe9fc156e0::889a6dfc-fbf7-404e-be2a-da26f2b4d9c4,"Apr 7, 2023",undefined,1
64302fff4c416cbe9fc2ef86::7D2E4808-32CF-4355-9C70-B6F4047648E2,"Apr 7, 2023",iOS,1
643285854c416cbe9f0df6d2::3b4956e6-0e95-47f6-af7b-49446c53fa94,"Apr 9, 2023",undefined,1
6433a9394c416cbe9f3284a1::D66888C9-60BF-4B55-8797-795B38C54DBB,"Apr 10, 2023",iOS,1
6433abd0bb62e3108690e4d5::76cff0a5-075c-4d55-9463-50efb82704e6,"Apr 10, 2023",undefined,1
643503d24c416cbe9f5e05db::EF636E39-BBAE-4567-B3B7-E3068117712B,"Apr 11, 2023",iOS,1
643534ef4c416cbe9f647edc::61c889e5-44ca-46f5-b220-7849b75a3f84,"Apr 11, 2023",undefined,1
64365c714c416cbe9f89b1ec::a7900800-98c0-4f07-871f-3cd0ead162d7,"Apr 12, 2023",undefined,1
64365c714c416cbe9f89b1ec::b898891a-e874-4011-8c41-a6152e8e16ef,"Apr 12, 2023",undefined,1
64368a2f4c416cbe9f8fd48f::9c0f3994-d325-4c3f-a362-07d70067b9c7,"Apr 12, 2023",undefined,1
6436b5e04c416cbe9f95d554::10ab5a9f-442a-449f-a93f-dc5f4a35fdc4,"Apr 12, 2023",undefined,1
6436ba504c416cbe9f966ed6::4946c9a1-2b1c-4938-b598-1c64d751a3a8,"Apr 12, 2023",undefined,1
6436f0f44c416cbe9f9d8c9b::7b2393c7-3cc9-4378-ad9e-e5b5d3f15bf7,"Apr 12, 2023",undefined,1
6436f0f44c416cbe9f9d8c9b::c252bb32-4453-454d-807d-adc43c277eba,"May 16, 2023",undefined,1
6439059aa41d837534819fef::3a7b8c53-f5da-423f-a002-b1dbbc5ddabf,"Apr 14, 2023",undefined,1
64393c61a41d837534891c8d::f5b534dc-2b4e-4d2c-b1df-cca5f99cf008,"Apr 14, 2023",undefined,1
643bf1c110a89e1ddb9ed0e3::33df7873-444a-43cb-a2c9-b2f3d02b0715,"Apr 16, 2023",undefined,1
643ce5dabb62e3106af74fe8::49c13b6e-ae64-4137-a007-e862355b1a91,"Apr 24, 2023",undefined,1
643ce5dabb62e3106af74fe8::d5776cbf-a8ab-4f8f-ab9d-e6e79c874218,"Apr 17, 2023",undefined,1
643d0538bb62e310a96c7596::ab71691c-9122-4b11-8461-073c6ca49fd0,"Apr 17, 2023",undefined,1
643d1596bb62e3108690e592::ACAC9C92-A052-4C3F-9936-8D4DA5D6B117,"Apr 17, 2023",iOS,1
643d3ae3e2f125390d6bca04::552a0178-bf59-48d1-8a56-3d5235b0856f,"Apr 18, 2023",undefined,1
643e63b8bdac9e109d21bf5f::3ec716e1-5b82-47a4-87f9-f7d036c9730e,"Apr 26, 2023",undefined,1
643e63b8bdac9e109d21bf5f::57cd975e-e7c0-45b3-b27d-bacadccb388c,"Apr 18, 2023",undefined,1
643e63b8bdac9e109d21bf5f::eadaf03c-0950-4b3c-aaf5-c0054b4aed0d,"Apr 18, 2023",undefined,1
643e937ebdac9e109d21bf7f::414E6CC9-BEBA-4768-9316-1F0FEDB2D299,"Apr 18, 2023",iOS,1
643eae12bb62e310a96c761f::95ece6fb-c0cb-465c-92b9-5c77d8dd05f0,"Apr 18, 2023",undefined,1
643fe505bb62e3108786178f::f6c29482-688a-4551-88d4-4177d4f8b41e,"Apr 19, 2023",undefined,1
64425593bb62e310a96c76b6::FCE50781-1520-4013-B487-5A0551D96830,"Apr 24, 2023",iOS,1
64425593bb62e310a96c76b6::a52dbf4a-3b5d-400b-a98f-ec96b6389ab8,"Apr 21, 2023",undefined,1
64425593bb62e310a96c76b6::cf2f0ca5-5b95-4e26-88a5-2fb32f91c715,"Apr 21, 2023",undefined,1
6442a380bb62e310a96c76c6::299706CD-DCC2-4323-8940-CC9B14173DE0,"Apr 23, 2023",iOS,1
6443adc7bdac9e109d21c08b::512af414-d3f0-4ce9-b1de-21547ccb5f13,"May 14, 2023",undefined,1
6443adc7bdac9e109d21c08b::cfb758f5-6f5f-499f-8a19-34193eb145f9,"Apr 22, 2023",undefined,1
6443adc7bdac9e109d21c08b::ed5bd197-d6ef-41b8-a628-59a7cd7a1169,"Apr 23, 2023",undefined,1
64450e03bb62e310a96c771e::57ed8cbe-1aab-419f-b54f-2f581bb1d17f,"May 1, 2023",undefined,1
644671a510a89e1ddbf673d1::28abe7e5-f376-41cd-9dcf-b412f80f7acf,"Apr 25, 2023",undefined,1
644671a510a89e1ddbf673d1::5783BAD0-00B8-4DE1-B7A9-8AAE218E106D,"Apr 24, 2023",iOS,1
644671a510a89e1ddbf673d1::eda19992-43c7-48e6-840d-f5d1695c108a,"Apr 25, 2023",undefined,1
64467933bb62e310a96c7765::b2a92346-6d0e-4dd2-9c1e-556312db9aa4,"Apr 25, 2023",undefined,1
644a7b31bdac9e109d21c1ee::6d52e0e7-9490-4633-8849-ee8b9b88b4db,"Apr 27, 2023",undefined,1
644aa172bdac9e10a66fa0c5::6800AA8C-0635-40E7-8402-2516B4A472B4,"Apr 27, 2023",iOS,1
644bc89cbdac9e109d21c22c::313dc0d9-4eb1-43cf-a1a2-13b2bdc1b959,"May 7, 2023",undefined,1
644bc89cbdac9e109d21c22c::515b58d9-c107-4625-b4ec-4cac8ac956a6,"May 7, 2023",undefined,1
644bc89cbdac9e109d21c22c::6708dfad-7d0b-4fde-9e83-1397ecebe794,"Apr 29, 2023",undefined,1
644bc89cbdac9e109d21c22c::c95156f0-e20b-4053-ba9b-0a2f1201e557,"Apr 28, 2023",undefined,1
644bd302bb62e3108690e685::4B3673CC-78DB-4A23-90AB-D1760B6EFE87,"Apr 28, 2023",iOS,1
644cd72bbb62e310a96c7876::e741b56f-2259-4dcb-81f3-21187d47e59c,"Apr 29, 2023",undefined,1
644d63287e630310a6d3fab7::2317DD6F-6771-4626-B2B8-B7CC1E82DF67,"Apr 30, 2023",iOS,1
644e2a167e630310bbfb1d97::6CA1C926-91E9-4D6A-9A1B-1BACF0E21F6E,"May 1, 2023",iOS,1
644f82147e630310bbfb1dd3::a60cadfe-4a52-4652-911e-35b8e79e3c1c,"May 1, 2023",undefined,1
644f935311c6e3f4fc5a66e6::a3fed5ca-5ddf-41a5-86eb-d56ccd98fca2,"May 1, 2023",undefined,1
64520b98dfe74e10bff34e6a::6D4A1107-3A93-41C1-9A78-D89B51C7E865,"May 3, 2023",iOS,1
6455015d11c6e3f4fc0bc764::1F2AFEB7-66CE-4F4C-A61A-33A21539B235,"May 26, 2023",iOS,1
6455015d11c6e3f4fc0bc764::cca28174-1f35-42fd-9ef9-8974fe68dee9,"May 5, 2023",undefined,1
645525ec11c6e3f4fc10b4e3::ECAD9DC4-67D2-4494-921F-7D67EE7504D5,"May 5, 2023",iOS,1
6455cd3b7e630345167cc35e::dbe22209-cf6d-4c02-9081-ed20783a2e01,"May 6, 2023",undefined,1
64564cbd7e630345167cc368::a023cb54-7bd5-4f7b-94e8-842ea9d92144,"May 6, 2023",undefined,1
645751d511c6e3f4fc560426::9dec2a0e-87a9-4710-9e8d-f5c010b91529,"May 7, 2023",undefined,1
6457681a11c6e3f4fc58e952::D9E704F1-E5F9-475D-927B-DE345A3AEA43,"May 7, 2023",iOS,1
6457681a11c6e3f4fc58e952::b0049d34-a89b-4e4a-9e7e-6e68b8ffaf98,"May 14, 2023",undefined,1
6457909911c6e3f4fc5e3cfc::ddb86052-4ab6-400f-8997-a9e6d6e38c5a,"May 7, 2023",undefined,1
645ba07248f3a5500d0c61e2::56F2D092-C9A1-49E9-B56F-4C7A6FB186C0,"May 10, 2023",iOS,1
645de86848f3a5500d558b36::42187a39-4723-4ba4-8343-fb7871a7e043,"May 12, 2023",undefined,1
645df09048f3a5500d56a40f::66845c50-dbf0-45d2-b4a7-1becd6dbc86e,"May 12, 2023",undefined,1
645df09048f3a5500d56a40f::c0306d56-8117-431b-9924-d86401ef0fa1,"May 12, 2023",undefined,1
6460da9848f3a5500db65f8c::0D13AC3F-CAAC-4430-9EF9-8128F6B1791C,"May 14, 2023",iOS,1
646210557e63034511e48664::241CFF3C-4CDD-42F7-8415-2C96364D30AD,"May 24, 2023",iOS,1
646210557e63034511e48664::253e344c-951b-425b-80ad-a0c45fb5c543,"May 15, 2023",undefined,1
646210557e63034511e48664::EF8D77B0-E587-4EBE-B05B-54B4F0B819B2,"May 18, 2023",iOS,1
646210557e63034511e48664::d3a6697a-03d3-463e-8b4a-b7971d39baa7,"May 16, 2023",undefined,1
646375177e63034513a845ca::c055cf17-b007-451a-9c08-f7ebaf4b7ca7,"May 16, 2023",undefined,1
64646dfb48f3a5500d2922d0::b3edf3e3-a711-4c6e-99e3-66f0863b743c,"May 17, 2023",undefined,1
6464e9ca48f3a5500d39cd71::8918CF96-AE8F-4D37-B4AA-70B8874CD306,"May 17, 2023",iOS,1
6468c85f48f3a5500db402de::4cc7fcc0-97b8-402a-b31a-1d0bbdc49b7f,"May 20, 2023",undefined,1
6468ca78dfe74e4567092063::d7b62fd3-05de-47bc-8f40-d600f1d75950,"May 23, 2023",undefined,1
646a0ac97e63034517d4524a::3aa017d2-ba0c-4483-a5ca-acf32312d745,"May 21, 2023",undefined,1
646a0f4548f3a5500ddb9c19::306c0f19-ff03-4e43-a45f-001d2290daff,"May 24, 2023",undefined,1
646a0f4548f3a5500ddb9c19::ced6a5b3-e14b-4b58-a3bd-1ffe06630908,"May 21, 2023",undefined,1
646a48af48f3a5500de2e25e::1C573845-B278-4567-A445-DC202B964519,"May 21, 2023",iOS,1
646b443348f3a5500d010cf8::fe9c6301-0301-4ab5-85b4-33ff2199c520,"May 22, 2023",undefined,1
646dfac4353b030382f057ba::B2F21F86-2E84-4977-A29B-145F28EAEA29,"May 24, 2023",iOS,1
647202ce99ad2052a1fed419::C7559DDB-BC46-4F3F-8EE3-E8FA0949FAC0,"May 27, 2023",iOS,1
6472156c99ad2052a1017580::7B95C7E0-8338-49C5-A498-3A1E2CD301D2,"May 27, 2023",iOS,1
647469d899ad2052a148c20c::A95DCB77-6D45-4451-B31E-3EF50CDB4A39,"May 29, 2023",iOS,1
f2bed998-c329-46a2-aa2f-573d29ce1b5c,"Mar 3, 2023",undefined,1
